import time: self [us] | cumulative | imported package
import time:       478 |        478 |   _io
import time:       126 |        126 |   marshal
import time:      1175 |       1175 |   posix
import time:      2367 |       4145 | _frozen_importlib_external
import time:      9275 |       9275 |   time
import time:      1155 |      10429 | zipimport
import time:      1051 |       1051 |     _codecs
import time:      2645 |       3695 |   codecs
import time:      2634 |       2634 |   encodings.aliases
import time:      3090 |       9418 | encodings
import time:      2224 |       2224 | encodings.utf_8
import time:       273 |        273 | _signal
import time:       172 |        172 |     _abc
import time:      2502 |       2673 |   abc
import time:      2630 |       5302 | io
import time:      1155 |       1155 |       _stat
import time:      3655 |       4810 |     stat
import time:     57553 |      57553 |     _collections_abc
import time:     25169 |      25169 |       genericpath
import time:     19220 |      44389 |     posixpath
import time:      3615 |     110366 |   os
import time:     23423 |      23423 |   _sitebuiltins
import time:      4128 |       4128 |   _distutils_hack
import time:       274 |        274 |   sitecustomize
import time:     28173 |     166362 | site
import time:       939 |        939 |   fastapi_modulo
import time:      4240 |       4240 |       types
import time:      3475 |       7714 |     enum
import time:       231 |        231 |       _sre
import time:      3570 |       3570 |         sre_constants
import time:      9127 |      12696 |       sre_parse
import time:      1549 |      14476 |     sre_compile
import time:       328 |        328 |         itertools
import time:       950 |        950 |         keyword
import time:       383 |        383 |           _operator
import time:      3214 |       3597 |         operator
import time:      1181 |       1181 |         reprlib
import time:       239 |        239 |         _collections
import time:      5745 |      12038 |       collections
import time:       197 |        197 |       _functools
import time:      2175 |      14408 |     functools
import time:       198 |        198 |     _locale
import time:      3642 |       3642 |     copyreg
import time:      3328 |      43763 |   re
import time:      1122 |       1122 |         _json
import time:      1638 |       2759 |       json.scanner
import time:      2515 |       5274 |     json.decoder
import time:      9763 |       9763 |     json.encoder
import time:      6639 |      21676 |   json
import time:      1842 |       1842 |       _struct
import time:      6405 |       8246 |     struct
import time:      3140 |       3140 |     binascii
import time:      1954 |      13340 |   base64
import time:      2625 |       2625 |         math
import time:      1581 |       1581 |         _datetime
import time:     11857 |      16061 |       datetime
import time:      4333 |       4333 |       collections.abc
import time:      5304 |       5304 |       _sqlite3
import time:     17814 |      43510 |     sqlite3.dbapi2
import time:    936940 |     980450 |   sqlite3
import time:      3560 |       3560 |     contextlib
import time:      8581 |       8581 |     fnmatch
import time:     10326 |      22467 |   glob
import time:    266036 |     266036 |       warnings
import time:     13296 |      13296 |       _hashlib
import time:      2221 |       2221 |         _blake2
import time:     21605 |      23825 |       hashlib
import time:      8107 |     311263 |     hmac
import time:      1159 |       1159 |         _bisect
import time:     11337 |      12496 |       bisect
import time:      2005 |       2005 |       _random
import time:      1913 |       1913 |       _sha512
import time:      2661 |      19073 |     random
import time:      5112 |     335447 |   secrets
import time:      1499 |       1499 |   unicodedata
import time:       255 |        255 |     errno
import time:      1338 |       1338 |     zlib
import time:      3914 |       3914 |       _compression
import time:      1347 |       1347 |       _bz2
import time:     12659 |      17918 |     bz2
import time:      1552 |       1552 |       _lzma
import time:      8528 |      10080 |     lzma
import time:      5284 |      34874 |   shutil
import time:      3746 |       3746 |   shlex
import time:    137451 |     137451 |     signal
import time:     23073 |      23073 |       _weakrefset
import time:     12904 |      35976 |     threading
import time:      1759 |       1759 |     fcntl
import time:      1094 |       1094 |     msvcrt
import time:     10763 |      10763 |     _posixsubprocess
import time:    169453 |     169453 |     select
import time:     19882 |      19882 |     selectors
import time:    203646 |     580020 |   subprocess
import time:       485 |        485 |       _winapi
import time:      5899 |       5899 |       nt
import time:      3110 |       3110 |       nt
import time:     42440 |      42440 |       nt
import time:       592 |        592 |       nt
import time:     23206 |      75729 |     ntpath
import time:     37927 |      37927 |       urllib
import time:     33318 |      71245 |     urllib.parse
import time:     16451 |     163425 |   pathlib
import time:    176847 |     176847 |   typing
import time:      7469 |       7469 |     importlib
import time:      3180 |       3180 |         __future__
import time:      6595 |       6595 |                   _ast
import time:     17469 |      24063 |                 ast
import time:      1246 |       1246 |                     _opcode
import time:    165695 |     166941 |                   opcode
import time:      6742 |     173682 |                 dis
import time:      3273 |       3273 |                 importlib.machinery
import time:      5654 |       5654 |                     token
import time:     14135 |      19789 |                   tokenize
import time:      3106 |      22895 |                 linecache
import time:     20508 |     244420 |               inspect
import time:      3455 |       3455 |               _socket
import time:     16096 |     263970 |             typing_extensions
import time:      5459 |       5459 |             pydantic_core._pydantic_core
import time:      3529 |       3529 |                   numbers
import time:      5355 |       8884 |                 _decimal
import time:      1518 |      10401 |               decimal
import time:      4111 |       4111 |                       concurrent
import time:      2169 |       2169 |                           traceback
import time:      1856 |       1856 |                           weakref
import time:       159 |        159 |                             _string
import time:    161575 |     161733 |                           string
import time:       174 |        174 |                           atexit
import time:     38735 |     204666 |                         logging
import time:      3620 |     208286 |                       concurrent.futures._base
import time:     15690 |     228086 |                     concurrent.futures
import time:      1406 |       1406 |                       _heapq
import time:      1769 |       3174 |                     heapq
import time:      7971 |       7971 |                       array
import time:      8522 |      16492 |                     socket
import time:      4170 |       4170 |                       _ssl
import time:     17448 |      21618 |                     ssl
import time:      7021 |       7021 |                     asyncio.constants
import time:      2168 |       2168 |                         asyncio.format_helpers
import time:      1588 |       3756 |                       asyncio.base_futures
import time:    317756 |     317756 |                       asyncio.log
import time:      2435 |     323946 |                     asyncio.coroutines
import time:      2817 |       2817 |                         _contextvars
import time:     19232 |      22048 |                       contextvars
import time:     39280 |      39280 |                         asyncio.exceptions
import time:      6724 |       6724 |                         asyncio.base_tasks
import time:      4415 |      50419 |                       _asyncio
import time:     28438 |     100904 |                     asyncio.events
import time:      1467 |       1467 |                     asyncio.futures
import time:      1111 |       1111 |                     asyncio.protocols
import time:      2341 |       2341 |                       asyncio.transports
import time:      3150 |       5490 |                     asyncio.sslproto
import time:       936 |        936 |                         asyncio.mixins
import time:      1749 |       1749 |                         asyncio.tasks
import time:      3380 |       6064 |                       asyncio.locks
import time:      1796 |       7860 |                     asyncio.staggered
import time:      1601 |       1601 |                     asyncio.trsock
import time:     23596 |     742360 |                   asyncio.base_events
import time:      6295 |       6295 |                   asyncio.runners
import time:      1449 |       1449 |                   asyncio.queues
import time:      4628 |       4628 |                   asyncio.streams
import time:      3293 |       3293 |                   asyncio.subprocess
import time:      1948 |       1948 |                   asyncio.threads
import time:      2675 |       2675 |                     asyncio.base_subprocess
import time:      2333 |       2333 |                     asyncio.selector_events
import time:      9207 |      14215 |                   asyncio.unix_events
import time:      2260 |     776445 |                 asyncio
import time:        98 |     776543 |               asyncio.coroutines
import time:    337089 |    1124032 |             pydantic_core.core_schema
import time:      6680 |    1400140 |           pydantic_core
import time:      2536 |    1402675 |         pydantic.version
import time:      3224 |    1409078 |       pydantic.warnings
import time:     18095 |    1427173 |     pydantic._migration
import time:      1362 |       1362 |         typing_inspection
import time:      1498 |       1498 |                 org
import time:       105 |       1603 |               org.python
import time:        84 |       1687 |             org.python.core
import time:      2979 |       4666 |           copy
import time:      3140 |       7805 |         dataclasses
import time:      9895 |       9895 |           textwrap
import time:    290850 |     300745 |         typing_inspection.typing_objects
import time:    126847 |     436757 |       typing_inspection.introspection
import time:     17765 |      17765 |       pydantic._internal
import time:      2333 |       2333 |           pydantic._internal._namespace_utils
import time:     11975 |      14307 |         pydantic._internal._typing_extra
import time:      3779 |      18086 |       pydantic._internal._repr
import time:      2286 |     474892 |     pydantic.errors
import time:      3494 |    1913027 |   pydantic
import time:      7983 |       7983 |       pydantic._internal._internal_dataclass
import time:      6462 |      14445 |     pydantic.aliases
import time:     49324 |      49324 |     pydantic.config
import time:     36131 |      99898 |   pydantic._internal._config
import time:     20675 |      20675 |     pydantic._internal._core_utils
import time:      1579 |       1579 |       pydantic._internal._import_utils
import time:     11255 |      12833 |     pydantic._internal._utils
import time:    357638 |     391145 |   pydantic._internal._decorators
import time:     19550 |      19550 |       pydantic._internal._forward_ref
import time:      3284 |      22834 |     pydantic._internal._generics
import time:      1555 |       1555 |     pydantic._internal._docs_extraction
import time:     21527 |      45915 |   pydantic._internal._fields
import time:      9061 |       9061 |       pydantic.plugin
import time:      3315 |      12375 |     pydantic.plugin._schema_validator
import time:     34539 |      46914 |   pydantic._internal._mock_val_ser
import time:      4139 |       4139 |       fractions
import time:      8067 |       8067 |       ipaddress
import time:      1484 |       1484 |         _uuid
import time:      3624 |       5107 |       uuid
import time:      3781 |       3781 |           sysconfig
import time:      2105 |       2105 |           _sysconfigdata__darwin_darwin
import time:      1014 |       1014 |           _osx_support
import time:      6824 |      13722 |         zoneinfo._tzpath
import time:       999 |        999 |         zoneinfo._common
import time:      1318 |       1318 |         _zoneinfo
import time:      1400 |      17438 |       zoneinfo
import time:      1009 |       1009 |       pydantic.annotated_handlers
import time:     17402 |      17402 |       pydantic.functional_validators
import time:      2917 |       2917 |         pydantic._internal._core_metadata
import time:      1353 |       1353 |         pydantic._internal._schema_generation_shared
import time:    384170 |     388439 |       pydantic.json_schema
import time:     68742 |      68742 |       pydantic._internal._discriminated_union
import time:     46818 |      46818 |       pydantic._internal._known_annotated_metadata
import time:     47340 |      47340 |       pydantic._internal._schema_gather
import time:     14197 |     618695 |     pydantic._internal._generate_schema
import time:      1762 |       1762 |     pydantic._internal._signature
import time:     14560 |     635016 |   pydantic._internal._model_construction
import time:     85494 |      85494 |   annotated_types
import time:      2429 |       2429 |   pydantic._internal._validators
import time:    143277 |     143277 |   pydantic.types
import time:      3728 |       3728 |       tempfile
import time:     22865 |      22865 |       dotenv.parser
import time:      2654 |       2654 |       dotenv.variables
import time:     32254 |      61500 |     dotenv.main
import time:     13911 |      75410 |   dotenv
import time:      2459 |       2459 |     starlette
import time:      3484 |       3484 |     starlette.status
import time:      1667 |       1667 |         annotated_doc.main
import time:      1550 |       3217 |       annotated_doc
import time:      2201 |       2201 |           email
import time:      1262 |       1262 |           uu
import time:      1120 |       1120 |           quopri
import time:      6559 |       6559 |                 locale
import time:      2945 |       9504 |               calendar
import time:      1729 |      11233 |             email._parseaddr
import time:      1052 |       1052 |               email.base64mime
import time:      3752 |       3752 |               email.quoprimime
import time:      3245 |       3245 |               email.errors
import time:      1637 |       1637 |               email.encoders
import time:      1692 |      11375 |             email.charset
import time:      4573 |      27180 |           email.utils
import time:      2793 |       2793 |             email.header
import time:      3023 |       5815 |           email._policybase
import time:      1719 |       1719 |           email._encoded_words
import time:      1466 |       1466 |           email.iterators
import time:     10597 |      51356 |         email.message
import time:      9343 |       9343 |               http
import time:      6409 |      15751 |             starlette.exceptions
import time:      2293 |       2293 |                   _csv
import time:      3831 |       6124 |                 csv
import time:     12743 |      12743 |                     importlib._abc
import time:      3468 |      16211 |                   importlib.util
import time:     19400 |      35611 |                 zipfile
import time:       958 |        958 |                     importlib.metadata._functools
import time:      2353 |       3311 |                   importlib.metadata._text
import time:      8498 |      11808 |                 importlib.metadata._adapters
import time:      2436 |       2436 |                 importlib.metadata._meta
import time:      2698 |       2698 |                 importlib.metadata._collections
import time:      1336 |       1336 |                 importlib.metadata._itertools
import time:      7991 |       7991 |                 importlib.abc
import time:      6844 |      74845 |               importlib.metadata
import time:      1397 |      76241 |             pydantic.plugin._loader
import time:     53642 |     145633 |           fastapi.exceptions
import time:       908 |        908 |             fastapi.openapi
import time:      3479 |       3479 |                 fastapi.types
import time:     15870 |      15870 |                           anyio._core
import time:     10268 |      26138 |                         anyio._core._compat
import time:     10497 |      10497 |                             sniffio._version
import time:      1209 |       1209 |                             sniffio._impl
import time:     16916 |      28622 |                           sniffio
import time:      3679 |      32300 |                         anyio._core._eventloop
import time:      1784 |       1784 |                         anyio._core._exceptions
import time:      9937 |       9937 |                               anyio.abc._resources
import time:      2739 |       2739 |                                   anyio.abc._tasks
import time:      4875 |       7614 |                                 anyio._core._tasks
import time:      1211 |       1211 |                                 anyio._core._typedattr
import time:      6714 |       6714 |                                 anyio.abc._streams
import time:     49960 |      65497 |                               anyio.abc._sockets
import time:      1224 |       1224 |                               anyio.abc._subprocesses
import time:      2329 |       2329 |                               anyio.abc._testing
import time:      9175 |       9175 |                                 anyio.lowlevel
import time:      1298 |       1298 |                                 anyio._core._testing
import time:     20789 |      31261 |                               anyio._core._synchronization
import time:      4934 |       4934 |                                     _queue
import time:      3917 |       8850 |                                   queue
import time:      1291 |      10141 |                                 concurrent.futures.thread
import time:      2421 |      12561 |                               anyio.from_thread
import time:      3376 |     126182 |                             anyio.abc
import time:      1151 |     127332 |                           anyio.to_thread
import time:     30598 |     157930 |                         anyio._core._fileio
import time:     11186 |      11186 |                         anyio._core._resources
import time:      3094 |       3094 |                         anyio._core._signals
import time:      2219 |       2219 |                             anyio.streams
import time:     34165 |      36383 |                           anyio.streams.stapled
import time:      9959 |       9959 |                           anyio.streams.tls
import time:    180523 |     226864 |                         anyio._core._sockets
import time:      5360 |       5360 |                           anyio.streams.memory
import time:      1225 |       6585 |                         anyio._core._streams
import time:      2007 |       2007 |                         anyio._core._subprocesses
import time:     60346 |     528229 |                       anyio
import time:       105 |     528334 |                     anyio.to_thread
import time:      1766 |     530099 |                   starlette.concurrency
import time:      1409 |       1409 |                   starlette.types
import time:      4414 |     535921 |                 starlette.datastructures
import time:      2948 |     542346 |               fastapi._compat.shared
import time:      1037 |       1037 |                 fastapi.openapi.constants
import time:      7634 |       8670 |               fastapi._compat.v2
import time:      1514 |     552529 |             fastapi._compat
import time:      1033 |       1033 |             fastapi.logger
import time:       324 |        324 |             email_validator
import time:   4928298 |    5483092 |           fastapi.openapi.models
import time:    285801 |    5914525 |         fastapi.params
import time:      4920 |       4920 |         fastapi.datastructures
import time:     12605 |      12605 |           fastapi.dependencies
import time:      2728 |       2728 |                 fastapi.security.base
import time:     11441 |      11441 |                   http.cookies
import time:      2587 |       2587 |                         exceptiongroup._exceptions
import time:      2097 |       4684 |                       exceptiongroup._catch
import time:       874 |        874 |                       exceptiongroup._version
import time:      5508 |       5508 |                       exceptiongroup._formatting
import time:      2120 |       2120 |                       exceptiongroup._suppress
import time:      2523 |      15706 |                     exceptiongroup
import time:      2504 |      18210 |                   starlette._utils
import time:      1158 |       1158 |                           python_multipart.exceptions
import time:      2110 |       3268 |                         python_multipart.decoders
import time:      6285 |       9553 |                       python_multipart.multipart
import time:      1278 |      10831 |                     python_multipart
import time:      5164 |      15994 |                   starlette.formparsers
import time:      2560 |      48202 |                 starlette.requests
import time:      6810 |      57740 |               fastapi.security.api_key
import time:       982 |        982 |                 fastapi.security.utils
import time:      6634 |       7615 |               fastapi.security.http
import time:      8503 |       8503 |                 fastapi.param_functions
import time:      5327 |      13830 |               fastapi.security.oauth2
import time:     87371 |      87371 |               fastapi.security.open_id_connect_url
import time:      2671 |     169225 |             fastapi.security
import time:       114 |     169339 |           fastapi.security.base
import time:      8593 |     190536 |         fastapi.dependencies.models
import time:      1477 |       1477 |             starlette.background
import time:      3463 |       4939 |           fastapi.background
import time:       986 |        986 |           fastapi.concurrency
import time:      1453 |       1453 |           fastapi.utils
import time:      5106 |       5106 |               _winapi
import time:       441 |        441 |               winreg
import time:     15645 |      21191 |             mimetypes
import time:     32241 |      53432 |           starlette.responses
import time:      5023 |       5023 |           starlette.websockets
import time:     16226 |      82057 |         fastapi.dependencies.utils
import time:      2754 |       2754 |             colorsys
import time:      9218 |      11971 |           pydantic.color
import time:      7001 |      18972 |         fastapi.encoders
import time:      1216 |       1216 |           starlette._exception_handler
import time:      5665 |       5665 |           starlette.convertors
import time:      5325 |       5325 |           starlette.middleware
import time:      4324 |      16528 |         starlette.routing
import time:     31825 |    6310716 |       fastapi.routing
import time:      1779 |       1779 |         fastapi.websockets
import time:      9328 |      11106 |       fastapi.exception_handlers
import time:      1687 |       1687 |         fastapi.middleware
import time:      3482 |       5168 |       fastapi.middleware.asyncexitstack
import time:      3069 |       3069 |       fastapi.openapi.docs
import time:      8237 |       8237 |             email.feedparser
import time:      5437 |      13673 |           email.parser
import time:      5289 |      18962 |         http.client
import time:       519 |        519 |           ujson
import time:      2327 |       2327 |           orjson
import time:    114824 |     117669 |         fastapi.responses
import time:      7917 |     144547 |       fastapi.openapi.utils
import time:      2781 |       2781 |         starlette.middleware.base
import time:      4700 |       4700 |             html.entities
import time:      1767 |       6467 |           html
import time:      1465 |       7931 |         starlette.middleware.errors
import time:       979 |        979 |         starlette.middleware.exceptions
import time:      3285 |      14975 |       starlette.applications
import time:     12065 |    6504859 |     fastapi.applications
import time:       976 |        976 |     fastapi.requests
import time:      2828 |    6514604 |   fastapi
import time:      6781 |       6781 |             _compat_pickle
import time:      1642 |       1642 |             _pickle
import time:       325 |        325 |                 org
import time:        50 |        375 |               org.python
import time:        56 |        430 |             org.python.core
import time:      3226 |      12078 |           pickle
import time:      2188 |      14265 |         jinja2.bccache
import time:      1082 |       1082 |             markupsafe._speedups
import time:      2812 |       3893 |           markupsafe
import time:      8380 |       8380 |             jinja2.utils
import time:      9881 |      18261 |           jinja2.nodes
import time:      2276 |       2276 |             jinja2.exceptions
import time:       895 |        895 |               jinja2.visitor
import time:      1894 |       2789 |             jinja2.idtracking
import time:       995 |        995 |             jinja2.optimizer
import time:      5510 |      11568 |           jinja2.compiler
import time:      3912 |       3912 |               jinja2.async_utils
import time:      5465 |       5465 |               jinja2.runtime
import time:      9432 |      18807 |             jinja2.filters
import time:      1448 |       1448 |             jinja2.tests
import time:      4512 |      24766 |           jinja2.defaults
import time:      6829 |       6829 |             jinja2._identifier
import time:      8995 |      15824 |           jinja2.lexer
import time:      3529 |       3529 |           jinja2.parser
import time:     34641 |     112480 |         jinja2.environment
import time:      4773 |       4773 |         jinja2.loaders
import time:      2548 |     134063 |       jinja2
import time:      1785 |     135848 |     starlette.templating
import time:       929 |     136776 |   fastapi.templating
import time:      3831 |       3831 |       sqlalchemy.util.preloaded
import time:      1349 |       1349 |           sqlalchemy.cyextension
import time:      1517 |       1517 |           sqlalchemy.cyextension.collections
import time:      1557 |       4422 |         sqlalchemy.util._has_cy
import time:     11440 |      11440 |             platform
import time:      2290 |      13730 |           sqlalchemy.util.compat
import time:     15713 |      29443 |         sqlalchemy.util.typing
import time:    225371 |     225371 |         sqlalchemy.util._py_collections
import time:      6165 |     265398 |       sqlalchemy.util._collections
import time:     10738 |      10738 |           greenlet._greenlet
import time:      1855 |      12593 |         greenlet
import time:      6841 |       6841 |             sqlalchemy.exc
import time:     18512 |      25352 |           sqlalchemy.util.langhelpers
import time:      4180 |      29531 |         sqlalchemy.util._concurrency_py3k
import time:      2969 |      45092 |       sqlalchemy.util.concurrency
import time:      1541 |       1541 |       sqlalchemy.util.deprecations
import time:      3401 |     319262 |     sqlalchemy.util
import time:      4502 |       4502 |                       sqlalchemy.event.registry
import time:      3293 |       7794 |                     sqlalchemy.event.legacy
import time:     11527 |      19321 |                   sqlalchemy.event.attr
import time:     14378 |      33699 |                 sqlalchemy.event.base
import time:      2019 |      35717 |               sqlalchemy.event.api
import time:      1128 |      36845 |             sqlalchemy.event
import time:      2622 |       2622 |                   sqlalchemy.log
import time:     10386 |      13008 |                 sqlalchemy.pool.base
import time:     98845 |     111852 |               sqlalchemy.pool.events
import time:     13157 |      13157 |                 sqlalchemy.util.queue
import time:      1803 |      14960 |               sqlalchemy.pool.impl
import time:      2878 |     129689 |             sqlalchemy.pool
import time:      7556 |       7556 |                   sqlalchemy.sql.roles
import time:      3426 |       3426 |                   sqlalchemy.inspection
import time:     12289 |      23270 |                 sqlalchemy.sql._typing
import time:      2488 |       2488 |                     sqlalchemy.sql._py_util
import time:      7600 |      10088 |                   sqlalchemy.sql.visitors
import time:      5430 |       5430 |                   sqlalchemy.sql.cache_key
import time:      5402 |       5402 |                     sqlalchemy.sql.operators
import time:      2800 |       8202 |                   sqlalchemy.sql.traversals
import time:     11568 |      35286 |                 sqlalchemy.sql.base
import time:     13063 |      13063 |                   sqlalchemy.sql.coercions
import time:      3131 |       3131 |                         sqlalchemy.sql.annotation
import time:     15934 |      15934 |                             sqlalchemy.sql.type_api
import time:    291233 |     307167 |                           sqlalchemy.sql.elements
import time:      8534 |       8534 |                           sqlalchemy.util.topological
import time:     34120 |     349820 |                         sqlalchemy.sql.ddl
import time:      5892 |       5892 |                                 sqlalchemy.engine._py_processors
import time:      2013 |       7905 |                               sqlalchemy.engine.processors
import time:     21706 |      29610 |                             sqlalchemy.sql.sqltypes
import time:    154147 |     183757 |                           sqlalchemy.sql.selectable
import time:     36225 |     219982 |                         sqlalchemy.sql.schema
import time:     10003 |     582933 |                       sqlalchemy.sql.util
import time:     22442 |     605375 |                     sqlalchemy.sql.dml
import time:      4645 |     610019 |                   sqlalchemy.sql.crud
import time:     37227 |      37227 |                   sqlalchemy.sql.functions
import time:    144732 |     805039 |                 sqlalchemy.sql.compiler
import time:      7117 |       7117 |                   sqlalchemy.sql._dml_constructors
import time:      3959 |       3959 |                   sqlalchemy.sql._elements_constructors
import time:      1826 |       1826 |                   sqlalchemy.sql._selectable_constructors
import time:     10232 |      10232 |                   sqlalchemy.sql.lambdas
import time:      2724 |      25856 |                 sqlalchemy.sql.expression
import time:     32867 |      32867 |                 sqlalchemy.sql.default_comparator
import time:     28692 |      28692 |                   sqlalchemy.sql.events
import time:      3299 |      31990 |                 sqlalchemy.sql.naming
import time:    297661 |    1251967 |               sqlalchemy.sql
import time:       262 |    1252228 |             sqlalchemy.sql.compiler
import time:     20835 |    1439595 |           sqlalchemy.engine.interfaces
import time:      1993 |       1993 |             sqlalchemy.engine._py_util
import time:      2080 |       4072 |           sqlalchemy.engine.util
import time:     11816 |    1455483 |         sqlalchemy.engine.base
import time:     20600 |    1476082 |       sqlalchemy.engine.events
import time:     10064 |      10064 |           sqlalchemy.dialects
import time:      5365 |      15428 |         sqlalchemy.engine.url
import time:      2158 |       2158 |         sqlalchemy.engine.mock
import time:      4930 |      22515 |       sqlalchemy.engine.create
import time:      1842 |       1842 |             sqlalchemy.engine._py_row
import time:     36952 |      38793 |           sqlalchemy.engine.row
import time:     43883 |      82676 |         sqlalchemy.engine.result
import time:      5449 |      88124 |       sqlalchemy.engine.cursor
import time:     36134 |      36134 |       sqlalchemy.engine.reflection
import time:     10996 |    1633849 |     sqlalchemy.engine
import time:      3402 |       3402 |     sqlalchemy.schema
import time:     10115 |      10115 |     sqlalchemy.types
import time:      1386 |       1386 |       sqlalchemy.engine.characteristics
import time:      9267 |      10653 |     sqlalchemy.engine.default
import time:      3904 |    1981183 |   sqlalchemy
import time:      2402 |       2402 |                 sqlalchemy.sql._orm_types
import time:      5437 |       7838 |               sqlalchemy.orm._typing
import time:      7032 |      14869 |             sqlalchemy.orm.base
import time:     11795 |      11795 |             sqlalchemy.orm.mapped_collection
import time:     16666 |      43329 |           sqlalchemy.orm.collections
import time:     14091 |      14091 |             sqlalchemy.orm.path_registry
import time:     20010 |      34101 |           sqlalchemy.orm.interfaces
import time:      9192 |      86620 |         sqlalchemy.orm.attributes
import time:     14016 |     100636 |       sqlalchemy.orm.util
import time:      4094 |     104730 |     sqlalchemy.orm.exc
import time:     11416 |      11416 |         sqlalchemy.orm.state
import time:     69451 |      80867 |       sqlalchemy.orm.instrumentation
import time:      1681 |       1681 |             sqlalchemy.future.engine
import time:      6033 |       7713 |           sqlalchemy.future
import time:     19790 |      27503 |         sqlalchemy.orm.context
import time:      8092 |       8092 |             sqlalchemy.orm.strategy_options
import time:      7895 |       7895 |             sqlalchemy.orm.descriptor_props
import time:    256735 |     256735 |             sqlalchemy.orm.relationships
import time:     24263 |     296983 |           sqlalchemy.orm.properties
import time:     78564 |      78564 |           sqlalchemy.orm.query
import time:      1716 |       1716 |           sqlalchemy.orm.unitofwork
import time:      3982 |       3982 |               sqlalchemy.orm.evaluator
import time:      1720 |       1720 |                 sqlalchemy.orm.sync
import time:      4903 |       6623 |               sqlalchemy.orm.persistence
import time:      9355 |      19958 |             sqlalchemy.orm.bulk_persistence
import time:      1491 |       1491 |             sqlalchemy.orm.identity
import time:     72570 |      72570 |             sqlalchemy.orm.state_changes
import time:     22813 |     116830 |           sqlalchemy.orm.session
import time:     11729 |     505820 |         sqlalchemy.orm.strategies
import time:    207316 |     740638 |       sqlalchemy.orm.loading
import time:     45924 |     867427 |     sqlalchemy.orm.mapper
import time:     34075 |      34075 |     sqlalchemy.orm._orm_constructors
import time:      7670 |       7670 |       sqlalchemy.orm.clsregistry
import time:      9887 |       9887 |       sqlalchemy.orm.decl_base
import time:      6892 |      24448 |     sqlalchemy.orm.decl_api
import time:      2979 |       2979 |       sqlalchemy.orm.writeonly
import time:      4608 |       7586 |     sqlalchemy.orm.dynamic
import time:      8226 |       8226 |       sqlalchemy.orm.scoping
import time:    186689 |     194914 |     sqlalchemy.orm.events
import time:    153959 |     153959 |     sqlalchemy.orm.dependency
import time:      4950 |    1392087 |   sqlalchemy.orm
import time:      8382 |       8382 |       cryptography.__about__
import time:     69367 |      77749 |     cryptography
import time:     16399 |      16399 |     cryptography.utils
import time:     11467 |      11467 |           cryptography.hazmat
import time:      3686 |      15153 |         cryptography.hazmat.bindings
import time:     12974 |      12974 |         _cffi_backend
import time:     64186 |      92312 |       cryptography.hazmat.bindings._rust
import time:      2541 |      94853 |     cryptography.exceptions
import time:      1331 |       1331 |     cryptography.hazmat.primitives
import time:      5833 |       5833 |     cryptography.hazmat.primitives.hashes
import time:      2480 |       2480 |     cryptography.hazmat.primitives.padding
import time:      4497 |       4497 |       cryptography.hazmat.primitives._cipheralgorithm
import time:       993 |        993 |                 cryptography.hazmat.decrepit
import time:      2684 |       3676 |               cryptography.hazmat.decrepit.ciphers
import time:      1554 |       5230 |             cryptography.hazmat.decrepit.ciphers.algorithms
import time:      2515 |       7745 |           cryptography.hazmat.primitives.ciphers.algorithms
import time:      2939 |      10683 |         cryptography.hazmat.primitives.ciphers.modes
import time:      2471 |      13154 |       cryptography.hazmat.primitives.ciphers.base
import time:      1542 |      19192 |     cryptography.hazmat.primitives.ciphers
import time:     91814 |      91814 |     cryptography.hazmat.primitives.hmac
import time:      2558 |     312205 |   cryptography.fernet
import time:      2589 |       2589 |             sqlalchemy.dialects.sqlite.json
import time:     27481 |      30069 |           sqlalchemy.dialects.sqlite.base
import time:      5757 |       5757 |           sqlalchemy.dialects.sqlite.pysqlite
import time:      1787 |       1787 |             sqlalchemy.connectors
import time:      2997 |       4784 |           sqlalchemy.connectors.asyncio
import time:     59503 |     100111 |         sqlalchemy.dialects.sqlite.aiosqlite
import time:     16293 |      16293 |         sqlalchemy.dialects.sqlite.pysqlcipher
import time:     17353 |      17353 |           sqlalchemy.dialects._typing
import time:     22189 |      39542 |         sqlalchemy.dialects.sqlite.dml
import time:      3242 |     159186 |       sqlalchemy.dialects.sqlite
import time:   1719042 |    1878228 |     fastapi_modulo.db
import time:     59624 |    1937851 |   fastapi_modulo.module_registry
import time:       372 |        372 |         fastapi_modulo.modulos
import time:      6711 |       6711 |             fastapi_modulo.modulos.web.servicios.module_tools
import time:      5131 |      11841 |           fastapi_modulo.modulos.web.servicios
import time:        85 |      11925 |         fastapi_modulo.modulos.web.servicios.module_tools
import time:     37077 |      49373 |       fastapi_modulo.modulos.web
import time:      4324 |       4324 |                 pydantic.v1.typing
import time:     10927 |      15250 |               pydantic.v1.errors
import time:       991 |        991 |                   cython
import time:     10289 |      11279 |                 pydantic.v1.version
import time:      4560 |      15838 |               pydantic.v1.utils
import time:      3806 |      34893 |             pydantic.v1.class_validators
import time:    276464 |     276464 |             pydantic.v1.config
import time:      5023 |       5023 |                 pydantic.v1.color
import time:     10663 |      10663 |                     pydantic.v1.datetime_parse
import time:    349335 |     359997 |                   pydantic.v1.validators
import time:    198001 |     557998 |                 pydantic.v1.networks
import time:     89032 |      89032 |                 pydantic.v1.types
import time:     10005 |     662056 |               pydantic.v1.json
import time:     17597 |     679652 |             pydantic.v1.error_wrappers
import time:     11264 |      11264 |             pydantic.v1.fields
import time:      5616 |       5616 |               pydantic.v1.parse
import time:      4340 |       4340 |               pydantic.v1.schema
import time:      9385 |      19340 |             pydantic.v1.main
import time:      3509 |    1025119 |           pydantic.v1.dataclasses
import time:      8782 |       8782 |           pydantic.v1.annotated_types
import time:    347934 |     347934 |           pydantic.v1.decorator
import time:     31804 |      31804 |           pydantic.v1.env_settings
import time:      5443 |       5443 |           pydantic.v1.tools
import time:      2534 |    1421614 |         pydantic.v1
import time:    391236 |    1812849 |       fastapi_modulo.modulos.web.controladores.backend_auth
import time:      1357 |    1863579 |     fastapi_modulo.modulos.web.controladores
import time:     11456 |    1875035 |   fastapi_modulo.modulos.web.controladores.backend_shell
import time:     12864 |      12864 |     starlette.staticfiles
import time:      2411 |      15274 |   fastapi.staticfiles
import time:      1227 |       1227 |     httpx.__version__
import time:      3231 |       3231 |               urllib.response
import time:      1917 |       5147 |             urllib.error
import time:    181291 |     181291 |             _scproxy
import time:     16833 |     203271 |           urllib.request
import time:     11900 |      11900 |           httpx._exceptions
import time:    239278 |     239278 |             http.cookiejar
import time:     17580 |      17580 |                 httpx._types
import time:      6427 |       6427 |                 httpx._utils
import time:      7863 |      31869 |               httpx._multipart
import time:      8156 |      40025 |             httpx._content
import time:       650 |        650 |                 brotlicffi
import time:       719 |        719 |                 brotli
import time:       371 |        371 |                 zstandard
import time:      1220 |       2958 |               httpx._compat
import time:      2039 |       4997 |             httpx._decoders
import time:      3980 |       3980 |             httpx._status_codes
import time:      4679 |       4679 |                   idna.idnadata
import time:      1249 |       1249 |                   idna.intranges
import time:      5251 |      11177 |                 idna.core
import time:      1741 |       1741 |                 idna.package_data
import time:      3636 |      16552 |               idna
import time:     10788 |      10788 |               httpx._urlparse
import time:      2087 |      29426 |             httpx._urls
import time:      6339 |     324043 |           httpx._models
import time:      5716 |     544928 |         httpx._auth
import time:      1182 |       1182 |                   importlib._adapters
import time:      2832 |       4013 |                 importlib._common
import time:     20152 |      24165 |               importlib.resources
import time:     13572 |      37737 |             certifi.core
import time:    292794 |     330530 |           certifi
import time:      9050 |       9050 |           importlib.readers
import time:      2571 |     342149 |         httpx._config
import time:      1515 |       1515 |               httpx._transports.base
import time:      5365 |       6880 |             httpx._transports.asgi
import time:      2080 |       2080 |                   httpcore._models
import time:      1052 |       1052 |                           httpcore._backends
import time:      2799 |       2799 |                           httpcore._exceptions
import time:      3325 |       3325 |                           httpcore._utils
import time:    112873 |     112873 |                           httpcore._backends.base
import time:      2062 |     122109 |                         httpcore._backends.sync
import time:      2908 |       2908 |                         httpcore._ssl
import time:    146082 |     146082 |                           trio
import time:      1566 |     147647 |                         httpcore._synchronization
import time:     57811 |      57811 |                         httpcore._trace
import time:      1805 |       1805 |                                 h11._abnf
import time:      3374 |       3374 |                                   h11._util
import time:      5461 |       8835 |                                 h11._headers
import time:    129691 |     140330 |                               h11._events
import time:      3891 |       3891 |                                 h11._receivebuffer
import time:     19560 |      19560 |                                 h11._state
import time:    154490 |     177940 |                               h11._readers
import time:      9595 |       9595 |                               h11._writers
import time:      3828 |     331691 |                             h11._connection
import time:      1205 |       1205 |                             h11._version
import time:      1516 |     334412 |                           h11
import time:      4982 |       4982 |                           httpcore._sync.interfaces
import time:      3983 |     343376 |                         httpcore._sync.http11
import time:      9547 |     683395 |                       httpcore._sync.connection
import time:      1293 |       1293 |                       httpcore._sync.connection_pool
import time:      1646 |       1646 |                       httpcore._sync.http_proxy
import time:       417 |        417 |                           h2
import time:       125 |        541 |                         h2.config
import time:      4974 |       5514 |                       httpcore._sync.http2
import time:       491 |        491 |                         socksio
import time:      2021 |       2511 |                       httpcore._sync.socks_proxy
import time:      1757 |     696113 |                     httpcore._sync
import time:       111 |     696224 |                   httpcore._sync.connection_pool
import time:      2163 |     700466 |                 httpcore._api
import time:      1167 |       1167 |                     httpcore._backends.auto
import time:      8467 |       8467 |                       httpcore._async.interfaces
import time:      3765 |      12231 |                     httpcore._async.http11
import time:      2405 |      15802 |                   httpcore._async.connection
import time:      2137 |       2137 |                   httpcore._async.connection_pool
import time:      1890 |       1890 |                   httpcore._async.http_proxy
import time:       440 |        440 |                       h2
import time:       114 |        554 |                     h2.config
import time:      1587 |       2140 |                   httpcore._async.http2
import time:       463 |        463 |                     socksio
import time:      1337 |       1799 |                   httpcore._async.socks_proxy
import time:      4492 |      28258 |                 httpcore._async
import time:      2319 |       2319 |                 httpcore._backends.mock
import time:      3178 |       3178 |                 httpcore._backends.anyio
import time:       524 |        524 |                   trio
import time:      1302 |       1825 |                 httpcore._backends.trio
import time:      2764 |     738807 |               httpcore
import time:      8471 |     747277 |             httpx._transports.default
import time:      1888 |       1888 |             httpx._transports.mock
import time:      1327 |       1327 |             httpx._transports.wsgi
import time:      1766 |     759136 |           httpx._transports
import time:       221 |     759357 |         httpx._transports.asgi
import time:      4104 |    1650537 |       httpx._client
import time:      1805 |    1652341 |     httpx._api
import time:      2798 |       2798 |           gettext
import time:      3240 |       3240 |             click._compat
import time:      2317 |       2317 |               click.globals
import time:      1488 |       1488 |               click.utils
import time:      3716 |       7520 |             click.exceptions
import time:      5967 |      16726 |           click.types
import time:      3659 |       3659 |           click._utils
import time:      3660 |       3660 |             click.parser
import time:      1849 |       5508 |           click.formatting
import time:      2174 |       2174 |           click.termui
import time:      5523 |      36387 |         click.core
import time:      1643 |       1643 |         click.decorators
import time:    231622 |     269650 |       click
import time:       301 |        301 |         pygments
import time:        78 |        378 |       pygments.lexers
import time:      2733 |     272761 |     httpx._main
import time:      9691 |    1936018 |   httpx
import time:      9745 |       9745 |           fastapi_modulo.modulos.personalizacion.controladores
import time:    155508 |     165252 |         fastapi_modulo.modulos.personalizacion.controladores.roles
import time:      7326 |     172578 |       fastapi_modulo.modulos.personalizacion
import time:        75 |     172653 |     fastapi_modulo.modulos.personalizacion.controladores
import time:        87 |     172739 |   fastapi_modulo.modulos.personalizacion.controladores.roles
import time:      2844 |       2844 |               jose.exceptions
import time:      2354 |       5197 |             jose
import time:      3847 |       3847 |                           jose.utils
import time:      3386 |       7232 |                         jose.backends.base
import time:      1475 |       1475 |                         jose.constants
import time:      3282 |      11988 |                       jose.backends.native
import time:      1784 |       1784 |                         cryptography.hazmat.backends
import time:      3957 |       3957 |                           cryptography.hazmat.primitives._serialization
import time:      1189 |       1189 |                           cryptography.hazmat.primitives.serialization.base
import time:       827 |        827 |                             cryptography.hazmat.primitives.asymmetric
import time:       731 |        731 |                               cryptography.hazmat.primitives.asymmetric.utils
import time:      1741 |       2472 |                             cryptography.hazmat.primitives.asymmetric.dsa
import time:      3078 |       3078 |                               cryptography.hazmat._oid
import time:      7610 |      10687 |                             cryptography.hazmat.primitives.asymmetric.ec
import time:      1859 |       1859 |                             cryptography.hazmat.primitives.asymmetric.ed25519
import time:      1032 |       1032 |                               cryptography.hazmat.primitives._asymmetric
import time:      1752 |       1752 |                               cryptography.hazmat.primitives.asymmetric.rsa
import time:      1617 |       4400 |                             cryptography.hazmat.primitives.asymmetric.padding
import time:      2997 |       2997 |                               bcrypt._bcrypt
import time:      1903 |       4899 |                             bcrypt
import time:      7833 |      32974 |                           cryptography.hazmat.primitives.serialization.ssh
import time:      1295 |      39414 |                         cryptography.hazmat.primitives.serialization
import time:      1107 |       1107 |                         cryptography.hazmat.primitives.ciphers.aead
import time:       770 |        770 |                           cryptography.hazmat.primitives.constant_time
import time:      1153 |       1922 |                         cryptography.hazmat.primitives.keywrap
import time:      4801 |       4801 |                           cryptography.x509.certificate_transparency
import time:       822 |        822 |                                 cryptography.x509.oid
import time:    314101 |     314922 |                               cryptography.x509.name
import time:      1617 |     316538 |                             cryptography.x509.general_name
import time:      1217 |     317755 |                           cryptography.x509.verification
import time:     10626 |      10626 |                             cryptography.hazmat.primitives.asymmetric.ed448
import time:      1902 |       1902 |                             cryptography.hazmat.primitives.asymmetric.x448
import time:     11946 |      11946 |                             cryptography.hazmat.primitives.asymmetric.x25519
import time:      1357 |       1357 |                               cryptography.hazmat.primitives.asymmetric.dh
import time:      3732 |       5089 |                             cryptography.hazmat.primitives.asymmetric.types
import time:     11573 |      11573 |                             cryptography.x509.extensions
import time:      5563 |      46698 |                           cryptography.x509.base
import time:      1794 |     371046 |                         cryptography.x509
import time:      3373 |     418643 |                       jose.backends.cryptography_backend
import time:      1104 |     431734 |                     jose.backends
import time:        83 |     431816 |                   jose.backends.base
import time:      1686 |     433502 |                 jose.jwk
import time:      1463 |     434964 |               jose.jws
import time:      1164 |     436127 |             jose.jwt
import time:      2890 |       2890 |               passlib
import time:      4388 |       4388 |               passlib.exc
import time:      7408 |       7408 |                       passlib.utils.compat
import time:      1811 |       1811 |                       stringprep
import time:       195 |        195 |                         gc
import time:      4534 |       4729 |                       timeit
import time:      4105 |       4105 |                         passlib.utils.decor
import time:     12838 |      16943 |                       passlib.utils.binary
import time:      3539 |       3539 |                         _crypt
import time:      4785 |       8324 |                       crypt
import time:     80088 |     119299 |                     passlib.utils
import time:       127 |     119426 |                   passlib.utils.decor
import time:      2352 |     121778 |                 passlib.ifc
import time:      2633 |     124411 |               passlib.registry
import time:      6559 |       6559 |               passlib.utils.handlers
import time:     16030 |      16030 |               configparser
import time:      4956 |     159231 |             passlib.context
import time:      1474 |       1474 |               passlib.handlers
import time:      1115 |       1115 |                 passlib.crypto
import time:       410 |        410 |                 fastpbkdf2
import time:      2732 |       4256 |               passlib.crypto.digest
import time:      8160 |      13889 |             passlib.handlers.bcrypt
import time:      2686 |     617128 |           fastapi_modulo.modulos.mi_tablero.controladores.dashboard_security
import time:       310 |        310 |             fastapi_modulo.modulos.mi_tablero.modelos
import time:      2005 |       2005 |             fastapi_modulo.modulos.mi_tablero.modelos.enums
import time:    741157 |     743471 |           fastapi_modulo.modulos.mi_tablero.modelos.schemas
import time:      1902 |       1902 |             fastapi_modulo.modulos.mi_tablero.reports
import time:      7618 |       7618 |                     numpy._utils._convertions
import time:      4286 |      11903 |                   numpy._utils
import time:      3378 |      15280 |                 numpy._globals
import time:     15505 |      15505 |                 numpy._expired_attrs_2_0
import time:      2502 |       2502 |                 numpy.version
import time:       595 |        595 |                   numpy._distributor_init_local
import time:      6637 |       7231 |                 numpy._distributor_init
import time:      1294 |       1294 |                           numpy._utils._inspect
import time:     15925 |      15925 |                             numpy.exceptions
import time:      1195 |       1195 |                             numpy._core._exceptions
import time:       689 |        689 |                             numpy._core.printoptions
import time:      1380 |       1380 |                             numpy.dtypes
import time:     66400 |      85588 |                           numpy._core._multiarray_umath
import time:      4454 |      91336 |                         numpy._core.overrides
import time:     14876 |     106211 |                       numpy._core.multiarray
import time:      2022 |       2022 |                       numpy._core.umath
import time:      1213 |       1213 |                         numpy._core._string_helpers
import time:      2172 |       2172 |                         numpy._core._type_aliases
import time:      1609 |       1609 |                         numpy._core._dtype
import time:      3402 |       8395 |                       numpy._core.numerictypes
import time:      1892 |       1892 |                             numpy._core._methods
import time:      5659 |       7550 |                           numpy._core.fromnumeric
import time:      2750 |      10300 |                         numpy._core.shape_base
import time:      1275 |       1275 |                         numpy._core._ufunc_config
import time:      5064 |       5064 |                         numpy._core.arrayprint
import time:      1532 |       1532 |                         numpy._core._asarray
import time:      8179 |      26348 |                       numpy._core.numeric
import time:    462646 |     462646 |                       numpy._core.records
import time:      4951 |       4951 |                       numpy._core.memmap
import time:      4211 |       4211 |                       numpy._core.function_base
import time:      1843 |       1843 |                       numpy._core._machar
import time:      4751 |       4751 |                       numpy._core.getlimits
import time:      1515 |       1515 |                       numpy._core.einsumfunc
import time:      7801 |       7801 |                       numpy._core._add_newdocs
import time:      2473 |       2473 |                       numpy._core._add_newdocs_scalars
import time:      1766 |       1766 |                       numpy._core._dtype_ctypes
import time:      2942 |       2942 |                           _ctypes
import time:      2986 |       2986 |                           ctypes._endian
import time:      5821 |      11748 |                         ctypes
import time:      3357 |      15104 |                       numpy._core._internal
import time:      1397 |       1397 |                       numpy._pytesttester
import time:    158755 |     810183 |                     numpy._core
import time:       117 |     810300 |                   numpy._core._multiarray_umath
import time:      5178 |     815477 |                 numpy.__config__
import time:      1017 |       1017 |                     numpy.lib._array_utils_impl
import time:      7274 |       8291 |                   numpy.lib.array_utils
import time:      2821 |       2821 |                   numpy.lib.introspect
import time:      3949 |       3949 |                   numpy.lib.mixins
import time:      1561 |       1561 |                         numpy.lib._utils_impl
import time:      2233 |       3793 |                       numpy.lib.format
import time:      1425 |       1425 |                       numpy.lib._datasource
import time:      7430 |       7430 |                       numpy.lib._iotools
import time:      4906 |      17552 |                     numpy.lib._npyio_impl
import time:       982 |      18533 |                   numpy.lib.npyio
import time:      1942 |       1942 |                         numpy.lib._ufunclike_impl
import time:      3364 |       5305 |                       numpy.lib._type_check_impl
import time:      1804 |       7109 |                     numpy.lib._scimath_impl
import time:      2943 |      10052 |                   numpy.lib.scimath
import time:      3557 |       3557 |                     numpy.lib._stride_tricks_impl
import time:      1057 |       4613 |                   numpy.lib.stride_tricks
import time:      2718 |       2718 |                           numpy.linalg.linalg
import time:      3718 |       3718 |                             numpy.lib._twodim_base_impl
import time:      3245 |       3245 |                             numpy.linalg._umath_linalg
import time:      3588 |       3588 |                               numpy._typing._nested_sequence
import time:      1668 |       1668 |                               numpy._typing._nbit_base
import time:      1175 |       1175 |                               numpy._typing._nbit
import time:    184223 |     184223 |                               numpy._typing._char_codes
import time:      4401 |       4401 |                               numpy._typing._scalars
import time:      1024 |       1024 |                               numpy._typing._shape
import time:    213704 |     213704 |                               numpy._typing._dtype_like
import time:     54945 |      54945 |                               numpy._typing._array_like
import time:      3229 |       3229 |                               numpy._typing._ufunc
import time:      7659 |     475611 |                             numpy._typing
import time:      9005 |     491578 |                           numpy.linalg._linalg
import time:      1720 |     496015 |                         numpy.linalg
import time:      2840 |     498854 |                       numpy.matrixlib.defmatrix
import time:      1579 |     500432 |                     numpy.matrixlib
import time:      1546 |       1546 |                       numpy.lib._histograms_impl
import time:      6462 |       8007 |                     numpy.lib._function_base_impl
import time:      2141 |     510580 |                   numpy.lib._index_tricks_impl
import time:      2151 |       2151 |                   numpy.lib._nanfunctions_impl
import time:      7200 |       7200 |                   numpy.lib._shape_base_impl
import time:      3608 |       3608 |                   numpy.lib._arraysetops_impl
import time:      2263 |       2263 |                   numpy.lib._polynomial_impl
import time:     10183 |      10183 |                   numpy.lib._arrayterator_impl
import time:      1189 |       1189 |                   numpy.lib._arraypad_impl
import time:      5426 |       5426 |                   numpy.lib._version
import time:    131898 |     722750 |                 numpy.lib
import time:      2030 |       2030 |                 numpy._array_api_info
import time:     31496 |    1612268 |               numpy
import time:      5743 |       5743 |                 pytz.exceptions
import time:      1396 |       1396 |                 pytz.lazy
import time:      3985 |       3985 |                 pytz.tzinfo
import time:      1007 |       1007 |                 pytz.tzfile
import time:      4604 |      16734 |               pytz
import time:     12465 |      12465 |                 dateutil._version
import time:     86719 |      99183 |               dateutil
import time:     17855 |      17855 |                 pandas.compat._constants
import time:      2887 |       2887 |                 pandas.compat.compressors
import time:      1000 |       1000 |                     pandas.util
import time:     68641 |      69640 |                   pandas.util.version
import time:     47865 |     117505 |                 pandas.compat.numpy
import time:       434 |        434 |                   pyarrow
import time:      1553 |       1987 |                 pandas.compat.pyarrow
import time:      2553 |     142786 |               pandas.compat
import time:      3241 |       3241 |                           numpy.random._common
import time:      2689 |       5929 |                         numpy.random.bit_generator
import time:      1763 |       1763 |                           numpy.random._bounded_integers
import time:      2727 |       2727 |                           numpy.random._mt19937
import time:      5385 |       9874 |                         numpy.random.mtrand
import time:      1361 |       1361 |                         numpy.random._philox
import time:      1897 |       1897 |                         numpy.random._pcg64
import time:      2209 |       2209 |                         numpy.random._sfc64
import time:    112818 |     112818 |                         numpy.random._generator
import time:      4201 |     138284 |                       numpy.random._pickle
import time:      1741 |     140025 |                     numpy.random
import time:     97755 |     237779 |                   pandas._typing
import time:      1199 |       1199 |                   pandas.util._exceptions
import time:     37650 |     276627 |                 pandas._config.config
import time:      7593 |       7593 |                 pandas._config.dates
import time:      3021 |       3021 |                 pandas._config.display
import time:      2781 |     290022 |               pandas._config
import time:       942 |        942 |                 pandas.core
import time:      7291 |       8233 |               pandas.core.config_init
import time:      3509 |       3509 |                   pandas._libs.pandas_parser
import time:      1103 |       1103 |                   pandas._libs.pandas_datetime
import time:      1473 |       1473 |                               pandas._libs.tslibs.ccalendar
import time:      3379 |       3379 |                               pandas._libs.tslibs.np_datetime
import time:      6183 |      11034 |                             pandas._libs.tslibs.dtypes
import time:      1872 |       1872 |                               pandas._libs.tslibs.base
import time:      3955 |       3955 |                                   pandas._libs.tslibs.nattype
import time:      1567 |       1567 |                                       pandas.compat._optional
import time:      4705 |       4705 |                                           six
import time:       135 |        135 |                                           six.moves
import time:      1120 |       1120 |                                           dateutil.tz._common
import time:      1175 |       1175 |                                           dateutil.tz._factories
import time:       109 |        109 |                                             six.moves.winreg
import time:      1469 |       1578 |                                           dateutil.tz.win
import time:      4213 |      12924 |                                         dateutil.tz.tz
import time:    287453 |     300377 |                                       dateutil.tz
import time:     14133 |     316076 |                                     pandas._libs.tslibs.timezones
import time:    234940 |     234940 |                                       _strptime
import time:     53669 |      53669 |                                       pandas._config.localization
import time:      5011 |     293620 |                                     pandas._libs.tslibs.fields
import time:     11692 |     621387 |                                   pandas._libs.tslibs.timedeltas
import time:     22326 |      22326 |                                   pandas._libs.tslibs.tzconversion
import time:       646 |        646 |                                   backports_abc
import time:     27422 |     675734 |                                 pandas._libs.tslibs.timestamps
import time:       414 |        414 |                                 backports_abc
import time:      1975 |       1975 |                                 pandas._libs.properties
import time:     14487 |     692609 |                               pandas._libs.tslibs.offsets
import time:       434 |        434 |                                 backports_abc
import time:      1266 |       1266 |                                     dateutil._common
import time:      6761 |       8026 |                                   dateutil.parser._parser
import time:      1961 |       1961 |                                   dateutil.parser.isoparser
import time:      1303 |      11289 |                                 dateutil.parser
import time:     26179 |      26179 |                                 pandas._libs.tslibs.strptime
import time:      5220 |      43120 |                               pandas._libs.tslibs.parsing
import time:      4205 |     741804 |                             pandas._libs.tslibs.conversion
import time:     10684 |      10684 |                             pandas._libs.tslibs.period
import time:      3331 |       3331 |                             pandas._libs.tslibs.vectorized
import time:      7122 |     773973 |                           pandas._libs.tslibs
import time:        92 |     774065 |                         pandas._libs.tslibs.nattype
import time:      1516 |       1516 |                         pandas._libs.ops_dispatch
import time:      5202 |     780781 |                       pandas._libs.missing
import time:     11582 |     792363 |                     pandas._libs.hashtable
import time:      4644 |       4644 |                     pandas._libs.algos
import time:      4229 |     801235 |                   pandas._libs.interval
import time:      2221 |     808067 |                 pandas._libs
import time:      1176 |       1176 |                   pandas.core.dtypes
import time:       291 |        291 |                     pyarrow
import time:      5244 |       5534 |                   pandas._libs.lib
import time:      7298 |       7298 |                   pandas.errors
import time:    169335 |     169335 |                     pandas.core.dtypes.generic
import time:      1649 |     170983 |                   pandas.core.dtypes.base
import time:      2406 |       2406 |                   pandas.core.dtypes.inference
import time:      8907 |     196303 |                 pandas.core.dtypes.dtypes
import time:      5321 |       5321 |                   pandas.core.dtypes.common
import time:      2656 |       7976 |                 pandas.core.dtypes.missing
import time:      1307 |       1307 |                   pandas.util._decorators
import time:      2355 |       2355 |                       pandas.io
import time:      1362 |       3717 |                     pandas.io._util
import time:      6124 |       9840 |                   pandas.core.dtypes.cast
import time:      1901 |       1901 |                     pandas.core.dtypes.astype
import time:      1606 |       3506 |                   pandas.core.dtypes.concat
import time:      5125 |       5125 |                     pandas.core.array_algos
import time:    143732 |     143732 |                         numpy.ma.core
import time:    102586 |     102586 |                         numpy.ma.extras
import time:     13313 |     259630 |                       numpy.ma
import time:      5070 |       5070 |                       pandas.core.common
import time:     22560 |     287259 |                     pandas.core.construction
import time:     10078 |     302461 |                   pandas.core.array_algos.take
import time:     58276 |      58276 |                     pandas.core.indexers.utils
import time:      1507 |      59783 |                   pandas.core.indexers
import time:      3482 |     380376 |                 pandas.core.algorithms
import time:      3080 |       3080 |                     pandas.core.arrays.arrow.accessors
import time:     18156 |      18156 |                       pandas.util._validators
import time:      7515 |       7515 |                       pandas.core.missing
import time:    133843 |     133843 |                           pandas._libs.ops
import time:      1922 |       1922 |                           pandas.core.roperator
import time:       794 |        794 |                           pandas.core.computation
import time:      5679 |       5679 |                             pandas.core.computation.check
import time:      4288 |       9966 |                           pandas.core.computation.expressions
import time:      1207 |       1207 |                           pandas.core.ops.missing
import time:      6460 |       6460 |                           pandas.core.ops.dispatch
import time:      1628 |       1628 |                           pandas.core.ops.invalid
import time:      2734 |     158552 |                         pandas.core.ops.array_ops
import time:      3850 |       3850 |                         pandas.core.ops.common
import time:      1055 |       1055 |                         pandas.core.ops.docstrings
import time:       902 |        902 |                         pandas.core.ops.mask_ops
import time:      2283 |     166640 |                       pandas.core.ops
import time:      1436 |       1436 |                       pandas.core.arraylike
import time:      1066 |       1066 |                       pandas.core.arrays._arrow_string_mixins
import time:      1044 |       1044 |                       pandas.core.arrays._utils
import time:      4588 |       4588 |                         pandas.compat.numpy.function
import time:      1338 |       1338 |                         pandas.core.array_algos.quantile
import time:      1511 |       1511 |                         pandas.core.sorting
import time:      6794 |      14229 |                       pandas.core.arrays.base
import time:      7686 |       7686 |                         pandas.core.nanops
import time:      1262 |       1262 |                         pandas.core.array_algos.masked_accumulations
import time:      1666 |       1666 |                         pandas.core.array_algos.masked_reductions
import time:      1167 |       1167 |                           pandas.core.util
import time:      9775 |       9775 |                           pandas._libs.hashing
import time:      1454 |      12395 |                         pandas.core.util.hashing
import time:      5377 |      28384 |                       pandas.core.arrays.masked
import time:      1450 |       1450 |                         pandas._libs.arrays
import time:      3483 |       3483 |                           pandas.core.arrays.numeric
import time:      4178 |       7661 |                         pandas.core.arrays.floating
import time:      2157 |       2157 |                         pandas.core.arrays.integer
import time:      1872 |       1872 |                             pandas.core.array_algos.transforms
import time:      2536 |       4408 |                           pandas.core.arrays._mixins
import time:      1108 |       1108 |                             pandas.core.strings
import time:     58694 |      58694 |                             pandas.core.strings.base
import time:      3330 |      63130 |                           pandas.core.strings.object_array
import time:     15719 |      83256 |                         pandas.core.arrays.numpy_
import time:      2641 |      97163 |                       pandas.core.arrays.string_
import time:     42275 |      42275 |                         pandas.tseries
import time:     31520 |      73795 |                       pandas.tseries.frequencies
import time:     17593 |     427016 |                     pandas.core.arrays.arrow.array
import time:     13208 |     443303 |                   pandas.core.arrays.arrow
import time:      1352 |       1352 |                   pandas.core.arrays.boolean
import time:      2161 |       2161 |                     pandas.core.accessor
import time:      3754 |       3754 |                     pandas.core.base
import time:      1490 |       1490 |                     pandas.io.formats
import time:      1993 |       1993 |                     pandas.io.formats.console
import time:      3945 |      13342 |                   pandas.core.arrays.categorical
import time:      3734 |       3734 |                     pandas._libs.tslib
import time:      1003 |       1003 |                       pandas.core.array_algos.datetimelike_accumulations
import time:      6885 |       7888 |                     pandas.core.arrays.datetimelike
import time:      1479 |       1479 |                     pandas.core.arrays._ranges
import time:      1725 |       1725 |                     pandas.tseries.offsets
import time:      3492 |      18317 |                   pandas.core.arrays.datetimes
import time:      3017 |       3017 |                     pandas.core.arrays.timedeltas
import time:      8139 |      11156 |                   pandas.core.arrays.interval
import time:      3471 |       3471 |                   pandas.core.arrays.period
import time:      5013 |       5013 |                         pandas._libs.sparse
import time:      1981 |       1981 |                         pandas.io.formats.printing
import time:      3457 |      10451 |                       pandas.core.arrays.sparse.array
import time:      3476 |      13927 |                     pandas.core.arrays.sparse.accessor
import time:      1780 |      15706 |                   pandas.core.arrays.sparse
import time:      2984 |       2984 |                   pandas.core.arrays.string_arrow
import time:      2738 |     512365 |                 pandas.core.arrays
import time:      1713 |       1713 |                 pandas.core.flags
import time:       732 |        732 |                         backports_abc
import time:      3562 |       4294 |                       pandas._libs.internals
import time:      1322 |       1322 |                         pandas.core._numba
import time:      1719 |       3041 |                       pandas.core._numba.executor
import time:      3809 |      11143 |                     pandas.core.apply
import time:      2563 |       2563 |                           pandas._libs.indexing
import time:      1156 |       1156 |                             pandas.core.indexes
import time:       467 |        467 |                                 backports_abc
import time:      5016 |       5482 |                               pandas._libs.index
import time:     96785 |      96785 |                               pandas._libs.writers
import time:      6803 |       6803 |                               pandas._libs.join
import time:      1183 |       1183 |                               pandas.core.array_algos.putmask
import time:      6764 |       6764 |                               pandas.core.indexes.frozen
import time:    100775 |     100775 |                               pandas.core.strings.accessor
import time:     24853 |     242642 |                             pandas.core.indexes.base
import time:      4466 |       4466 |                               pandas.core.indexes.extension
import time:     14526 |      18991 |                             pandas.core.indexes.category
import time:      5256 |       5256 |                                 pandas.core.indexes.range
import time:     62190 |      62190 |                                   pandas.core.tools
import time:      5280 |      67469 |                                 pandas.core.tools.timedeltas
import time:     25394 |      98117 |                               pandas.core.indexes.datetimelike
import time:      1439 |       1439 |                               pandas.core.tools.times
import time:     15712 |     115266 |                             pandas.core.indexes.datetimes
import time:     79317 |      79317 |                               pandas.core.indexes.multi
import time:     81208 |      81208 |                               pandas.core.indexes.timedeltas
import time:      5064 |     165588 |                             pandas.core.indexes.interval
import time:      3007 |       3007 |                             pandas.core.indexes.period
import time:      2659 |     549307 |                           pandas.core.indexes.api
import time:      6137 |     558005 |                         pandas.core.indexing
import time:       982 |        982 |                         pandas.core.sample
import time:       794 |        794 |                         pandas.core.array_algos.replace
import time:      3916 |       3916 |                             pandas.core.internals.blocks
import time:      1154 |       5069 |                           pandas.core.internals.api
import time:      2050 |       2050 |                             pandas.core.internals.base
import time:      2392 |       2392 |                               pandas.core.internals.ops
import time:      3641 |       6032 |                             pandas.core.internals.managers
import time:      2249 |      10330 |                           pandas.core.internals.array_manager
import time:      1579 |       1579 |                           pandas.core.internals.concat
import time:       813 |      17789 |                         pandas.core.internals
import time:      3812 |       3812 |                         pandas.core.internals.construction
import time:      2373 |       2373 |                           pandas.core.methods
import time:      1298 |       1298 |                             pandas.core.reshape
import time:      3076 |       4374 |                           pandas.core.reshape.concat
import time:      2286 |       2286 |                               gzip
import time:      3769 |       3769 |                               mmap
import time:       198 |        198 |                                 pwd
import time:      1445 |       1445 |                                 grp
import time:     10357 |      11999 |                               tarfile
import time:      1251 |       1251 |                               pandas.core.shared_docs
import time:     13159 |      32462 |                             pandas.io.common
import time:      4430 |      36892 |                           pandas.io.formats.format
import time:      6864 |      50501 |                         pandas.core.methods.describe
import time:      2096 |       2096 |                               pandas._libs.window
import time:      5803 |       7898 |                             pandas._libs.window.aggregations
import time:     39382 |      39382 |                               pandas._libs.window.indexers
import time:      4512 |      43893 |                             pandas.core.indexers.objects
import time:     12668 |      12668 |                             pandas.core.util.numba_
import time:      1225 |       1225 |                             pandas.core.window.common
import time:      3059 |       3059 |                             pandas.core.window.doc
import time:     55081 |      55081 |                             pandas.core.window.numba_
import time:      5358 |       5358 |                             pandas.core.window.online
import time:    118211 |     118211 |                             pandas.core.window.rolling
import time:     12960 |     260348 |                           pandas.core.window.ewm
import time:     41732 |      41732 |                           pandas.core.window.expanding
import time:      1932 |     304011 |                         pandas.core.window
import time:     71448 |    1007339 |                       pandas.core.generic
import time:      1761 |       1761 |                       pandas.core.methods.selectn
import time:      1356 |       1356 |                         pandas.core.reshape.util
import time:      1083 |       1083 |                         pandas.core.tools.numeric
import time:      4079 |       6517 |                       pandas.core.reshape.melt
import time:      3174 |       3174 |                         pandas._libs.reshape
import time:      5460 |       5460 |                         pandas.core.indexes.accessors
import time:      2135 |       2135 |                           pandas.arrays
import time:      7257 |       9392 |                         pandas.core.tools.datetimes
import time:      7783 |       7783 |                         pandas.io.formats.info
import time:      5780 |       5780 |                           pandas.plotting._core
import time:      1479 |       1479 |                           pandas.plotting._misc
import time:      1491 |       8749 |                         pandas.plotting
import time:     25301 |      59855 |                       pandas.core.series
import time:     69048 |    1144518 |                     pandas.core.frame
import time:      4860 |       4860 |                     pandas.core.groupby.base
import time:       540 |        540 |                         backports_abc
import time:    474320 |     474860 |                       pandas._libs.groupby
import time:      1155 |       1155 |                         pandas.core.groupby.categorical
import time:     22202 |      23357 |                       pandas.core.groupby.grouper
import time:      9806 |     508021 |                     pandas.core.groupby.ops
import time:     21603 |      21603 |                       pandas.core.groupby.numba_
import time:    180836 |     180836 |                       pandas.core.groupby.indexing
import time:     94120 |     296558 |                     pandas.core.groupby.groupby
import time:    268758 |    2233855 |                   pandas.core.groupby.generic
import time:      1060 |    2234914 |                 pandas.core.groupby
import time:      3157 |    4144868 |               pandas.core.api
import time:     34208 |      34208 |               pandas.tseries.api
import time:     45194 |      45194 |                       pandas.core.computation.common
import time:     50480 |      95673 |                     pandas.core.computation.align
import time:      5216 |       5216 |                         pprint
import time:    250372 |     255588 |                       pandas.core.computation.scope
import time:     73037 |     328624 |                     pandas.core.computation.ops
import time:      8958 |     433254 |                   pandas.core.computation.engines
import time:      1501 |       1501 |                     pandas.core.computation.parsing
import time:      5873 |       7373 |                   pandas.core.computation.expr
import time:     10470 |     451096 |                 pandas.core.computation.eval
import time:      5917 |     457012 |               pandas.core.computation.api
import time:      1631 |       1631 |                 pandas.core.reshape.encoding
import time:      2950 |       2950 |                 pandas.core.reshape.merge
import time:      2191 |       2191 |                 pandas.core.reshape.pivot
import time:      1345 |       1345 |                 pandas.core.reshape.tile
import time:      1120 |       9236 |               pandas.core.reshape.api
import time:      1020 |       1020 |                 pandas.api.extensions
import time:      1024 |       1024 |                 pandas.api.indexers
import time:      1302 |       1302 |                     pandas.core.interchange
import time:      4618 |       5920 |                   pandas.core.interchange.dataframe_protocol
import time:      1031 |       1031 |                     pandas.core.interchange.utils
import time:      3075 |       4106 |                   pandas.core.interchange.from_dataframe
import time:       955 |      10980 |                 pandas.api.interchange
import time:       877 |        877 |                   pandas.core.dtypes.api
import time:      3610 |       4486 |                 pandas.api.types
import time:     10663 |      10663 |                   pandas.core.resample
import time:      2572 |       2572 |                         pandas._libs.json
import time:      1735 |       1735 |                         pandas.io.json._normalize
import time:       892 |        892 |                         pandas.io.json._table_schema
import time:       298 |        298 |                                 backports_abc
import time:      2564 |       2862 |                               pandas._libs.parsers
import time:      3576 |       3576 |                                 pandas.io.parsers.base_parser
import time:      1407 |       4983 |                               pandas.io.parsers.arrow_parser_wrapper
import time:       928 |        928 |                               pandas.io.parsers.c_parser_wrapper
import time:      4242 |       4242 |                               pandas.io.parsers.python_parser
import time:     12438 |      25450 |                             pandas.io.parsers.readers
import time:       714 |      26164 |                           pandas.io.parsers
import time:        74 |      26237 |                         pandas.io.parsers.readers
import time:    413206 |     444641 |                       pandas.io.json._json
import time:      1247 |     445887 |                     pandas.io.json
import time:        95 |     445982 |                   pandas.io.json._json
import time:     71457 |      71457 |                   pandas.io.stata
import time:      1368 |     529468 |                 pandas.api.typing
import time:      1051 |     548025 |               pandas.api
import time:      2192 |       2192 |                     pandas._testing.contexts
import time:      2179 |       4370 |                   pandas._testing._io
import time:      1273 |       1273 |                   pandas._testing._warnings
import time:      2391 |       2391 |                       cmath
import time:      1666 |       4057 |                     pandas._libs.testing
import time:      6308 |      10365 |                   pandas._testing.asserters
import time:       858 |        858 |                   pandas._testing.compat
import time:    124505 |     141369 |                 pandas._testing
import time:      3143 |     144512 |               pandas.testing
import time:       729 |        729 |               pandas.util._print_versions
import time:       768 |        768 |                 pandas.io.clipboards
import time:      6035 |       6035 |                     pandas.io.excel._util
import time:      6614 |       6614 |                     pandas.io.excel._calamine
import time:     22741 |      22741 |                     pandas.io.excel._odfreader
import time:      4114 |       4114 |                     pandas.io.excel._openpyxl
import time:     45848 |      45848 |                     pandas.io.excel._pyxlsb
import time:      1434 |       1434 |                     pandas.io.excel._xlrd
import time:     11639 |      98423 |                   pandas.io.excel._base
import time:     12204 |      12204 |                   pandas.io.excel._odswriter
import time:      1511 |       1511 |                   pandas.io.excel._xlsxwriter
import time:     73569 |     185705 |                 pandas.io.excel
import time:      1561 |       1561 |                 pandas.io.feather_format
import time:      1325 |       1325 |                 pandas.io.gbq
import time:      4261 |       4261 |                 pandas.io.html
import time:      2992 |       2992 |                 pandas.io.orc
import time:      3275 |       3275 |                 pandas.io.parquet
import time:      1459 |       1459 |                   pandas.compat.pickle_compat
import time:      4576 |       6035 |                 pandas.io.pickle
import time:      2237 |       2237 |                   pandas.core.computation.pytables
import time:     11373 |      13609 |                 pandas.io.pytables
import time:      2582 |       2582 |                   pandas.io.sas.sasreader
import time:      1073 |       3654 |                 pandas.io.sas
import time:      1501 |       1501 |                 pandas.io.spss
import time:      3037 |       3037 |                 pandas.io.sql
import time:      6899 |       6899 |                 pandas.io.xml
import time:      2213 |     236829 |               pandas.io.api
import time:      1616 |       1616 |               pandas.util._tester
import time:       991 |        991 |               pandas._version_meson
import time:     28365 |    7775608 |             pandas
import time:       921 |        921 |                   reportlab.local_rl_mods
import time:       237 |        237 |                   reportlab_mods
import time:      1347 |       2503 |                 reportlab
import time:      2023 |       4525 |               reportlab.lib
import time:       834 |        834 |               reportlab.lib.units
import time:      2166 |       7524 |             reportlab.lib.pagesizes
import time:       841 |        841 |             reportlab.pdfgen
import time:       978 |        978 |                   reportlab.lib.rltempfile
import time:    149950 |     149950 |                   reportlab.lib.rl_safe_eval
import time:     19575 |      19575 |                     PIL._version
import time:      3037 |      22611 |                   PIL
import time:    178383 |     178383 |                     PIL.ExifTags
import time:      2168 |       2168 |                     PIL.ImageMode
import time:      5623 |       5623 |                     PIL.TiffTags
import time:      1577 |       1577 |                     PIL._binary
import time:      2591 |       2591 |                     PIL._deprecate
import time:       978 |        978 |                     PIL._util
import time:       399 |        399 |                     defusedxml
import time:      9503 |       9503 |                     PIL._imaging
import time:     55451 |     256669 |                   PIL.Image
import time:      6869 |     437075 |                 reportlab.lib.utils
import time:      1087 |       1087 |                 reportlab.rl_settings
import time:       169 |        169 |                 reportlab.local_rl_settings
import time:       359 |        359 |                 reportlab_settings
import time:     17741 |     456429 |               reportlab.rl_config
import time:      1305 |       1305 |               reportlab.pdfbase
import time:       408 |        408 |                     _rl_accel
import time:       351 |        351 |                     _rl_accel
import time:       838 |        838 |                     _rl_accel
import time:      1160 |       1160 |                     _rl_accel
import time:       956 |        956 |                     _rl_accel
import time:       385 |        385 |                     _rl_accel
import time:       661 |        661 |                     _rl_accel
import time:       353 |        353 |                     _rl_accel
import time:      5973 |       5973 |                     _rl_accel
import time:      1013 |       1013 |                     _rl_accel
import time:       357 |        357 |                     _rl_accel
import time:      4798 |      17246 |                   reportlab.lib.rl_accel
import time:      2580 |      19825 |                 reportlab.pdfbase.pdfutils
import time:      1611 |       1611 |                     reportlab.pdfbase._fontdata_enc_winansi
import time:      7969 |       7969 |                     reportlab.pdfbase._fontdata_enc_macroman
import time:      1143 |       1143 |                     reportlab.pdfbase._fontdata_enc_standard
import time:      1282 |       1282 |                     reportlab.pdfbase._fontdata_enc_symbol
import time:       931 |        931 |                     reportlab.pdfbase._fontdata_enc_zapfdingbats
import time:       911 |        911 |                     reportlab.pdfbase._fontdata_enc_pdfdoc
import time:       840 |        840 |                     reportlab.pdfbase._fontdata_enc_macexpert
import time:      1365 |       1365 |                     reportlab.pdfbase._fontdata_widths_courier
import time:       903 |        903 |                     reportlab.pdfbase._fontdata_widths_courierbold
import time:      1064 |       1064 |                     reportlab.pdfbase._fontdata_widths_courieroblique
import time:      2737 |       2737 |                     reportlab.pdfbase._fontdata_widths_courierboldoblique
import time:      1205 |       1205 |                     reportlab.pdfbase._fontdata_widths_helvetica
import time:      1063 |       1063 |                     reportlab.pdfbase._fontdata_widths_helveticabold
import time:      1052 |       1052 |                     reportlab.pdfbase._fontdata_widths_helveticaoblique
import time:      1057 |       1057 |                     reportlab.pdfbase._fontdata_widths_helveticaboldoblique
import time:      1237 |       1237 |                     reportlab.pdfbase._fontdata_widths_timesroman
import time:      1296 |       1296 |                     reportlab.pdfbase._fontdata_widths_timesbold
import time:       952 |        952 |                     reportlab.pdfbase._fontdata_widths_timesitalic
import time:       872 |        872 |                     reportlab.pdfbase._fontdata_widths_timesbolditalic
import time:      1031 |       1031 |                     reportlab.pdfbase._fontdata_widths_symbol
import time:      1177 |       1177 |                     reportlab.pdfbase._fontdata_widths_zapfdingbats
import time:      3923 |      35609 |                   reportlab.pdfbase._fontdata
import time:      1889 |       1889 |                   reportlab.lib.logger
import time:      2449 |       2449 |                   reportlab.pdfbase.rl_codecs
import time:    156517 |     196463 |                 reportlab.pdfbase.pdfmetrics
import time:      8432 |     224719 |               reportlab.pdfbase.pdfdoc
import time:      2289 |       2289 |                 reportlab.lib.abag
import time:       474 |        474 |                 uharfbuzz
import time:      8398 |      11161 |               reportlab.pdfbase.ttfonts
import time:      1229 |       1229 |                 reportlab.pdfgen.pdfgeom
import time:      2764 |       3992 |               reportlab.pdfgen.pathobject
import time:      5538 |       5538 |                 reportlab.lib.colors
import time:       481 |        481 |                 rlbidi
import time:      1991 |       8008 |               reportlab.pdfgen.textobject
import time:      1085 |       1085 |               reportlab.lib.boxstuff
import time:    154644 |     861340 |             reportlab.pdfgen.canvas
import time:     76321 |    8723533 |           fastapi_modulo.modulos.mi_tablero.reports.dashboard_report
import time:       357 |        357 |                   fastapi_modulo.modulos.mi_tablero.ml
import time:      2088 |       2088 |                         _multiprocessing
import time:      2840 |       2840 |                             multiprocessing.process
import time:      2057 |       2057 |                             multiprocessing.reduction
import time:     33766 |      38662 |                           multiprocessing.context
import time:     90621 |     129282 |                         multiprocessing
import time:      1794 |     133164 |                       joblib._multiprocessing_helpers
import time:     16334 |      16334 |                         joblib.externals
import time:      2138 |       2138 |                         joblib.externals.loky._base
import time:      4926 |       4926 |                               multiprocessing.util
import time:     10413 |      15339 |                             multiprocessing.synchronize
import time:       708 |        708 |                                   _winapi
import time:      1934 |       2641 |                                 multiprocessing.connection
import time:      2466 |       2466 |                                 multiprocessing.queues
import time:      1939 |       7045 |                               concurrent.futures.process
import time:      1558 |       1558 |                               joblib.externals.loky.backend.process
import time:     16438 |      25040 |                             joblib.externals.loky.backend.context
import time:      1196 |      41574 |                           joblib.externals.loky.backend
import time:        91 |      41665 |                         joblib.externals.loky.backend.context
import time:       963 |        963 |                           joblib.externals.loky.backend._posix_reduction
import time:      2477 |       2477 |                             joblib.externals.cloudpickle.cloudpickle
import time:      1133 |       3610 |                           joblib.externals.cloudpickle
import time:      1370 |       5942 |                         joblib.externals.loky.backend.reduction
import time:       184 |        184 |                             faulthandler
import time:      1552 |       1552 |                             joblib.externals.loky.backend.queues
import time:       400 |        400 |                               psutil
import time:      1082 |       1482 |                             joblib.externals.loky.backend.utils
import time:       879 |        879 |                             joblib.externals.loky.initializers
import time:       404 |        404 |                             psutil
import time:      2864 |       7363 |                           joblib.externals.loky.process_executor
import time:      1875 |       9237 |                         joblib.externals.loky.reusable_executor
import time:      1045 |       1045 |                         joblib.externals.loky.cloudpickle_wrapper
import time:     10241 |      86598 |                       joblib.externals.loky
import time:      3038 |     222800 |                     joblib._cloudpickle_wrapper
import time:      2813 |       2813 |                       joblib._utils
import time:      2160 |       2160 |                       multiprocessing.pool
import time:      1807 |       1807 |                           joblib.backports
import time:      1007 |       1007 |                           joblib.disk
import time:      1409 |       1409 |                                 runpy
import time:      1082 |       2490 |                               multiprocessing.spawn
import time:       803 |        803 |                               _posixshmem
import time:      1113 |       4405 |                             multiprocessing.resource_tracker
import time:       914 |        914 |                             joblib.externals.loky.backend.spawn
import time:      1135 |       6453 |                           joblib.externals.loky.backend.resource_tracker
import time:       468 |        468 |                               lz4
import time:      1872 |       2340 |                             joblib.compressor
import time:      1476 |       1476 |                               joblib.numpy_pickle_utils
import time:      1383 |       2859 |                             joblib.numpy_pickle_compat
import time:      2168 |       7366 |                           joblib.numpy_pickle
import time:      1803 |      18433 |                         joblib._memmapping_reducer
import time:      1139 |      19571 |                       joblib.executor
import time:      1800 |       1800 |                       joblib.pool
import time:      2397 |      28740 |                     joblib._parallel_backends
import time:      2392 |       2392 |                       joblib.logger
import time:      2306 |       4698 |                     joblib._store_backends
import time:      1331 |       1331 |                     joblib.hashing
import time:      9122 |       9122 |                         pkgutil
import time:    232350 |     241471 |                       pydoc
import time:     63510 |      63510 |                       joblib.func_inspect
import time:      2760 |     307741 |                     joblib.memory
import time:      4631 |       4631 |                     joblib.parallel
import time:      2725 |     572662 |                   joblib
import time:      2466 |       2466 |                       sklearn._config
import time:      9417 |       9417 |                         sklearn.__check_build._check_build
import time:      5648 |      15065 |                       sklearn.__check_build
import time:       943 |        943 |                       sklearn._distributor_init
import time:      3414 |       3414 |                         sklearn.exceptions
import time:      1425 |       1425 |                                 sklearn.utils._bunch
import time:      3144 |       4569 |                               sklearn.utils._metadata_requests
import time:      3884 |       8453 |                             sklearn.utils.metadata_routing
import time:     15480 |      15480 |                                     scipy.__config__
import time:      2648 |       2648 |                                     scipy.version
import time:       221 |        221 |                                       scipy._distributor_init_local
import time:      1085 |       1306 |                                     scipy._distributor_init
import time:       426 |        426 |                                         cython
import time:     30132 |      30557 |                                       scipy._lib._testutils
import time:     97787 |     128344 |                                     scipy._lib
import time:      1765 |       1765 |                                     scipy._lib._pep440
import time:      4350 |       4350 |                                       scipy._lib._ccallback_c
import time:      7183 |      11532 |                                     scipy._lib._ccallback
import time:      2255 |     163327 |                                   scipy
import time:      3550 |       3550 |                                             numpy._typing._add_docstring
import time:      2243 |       5793 |                                           numpy.typing
import time:      2564 |       2564 |                                               scipy._lib.array_api_compat.common._helpers
import time:      4095 |       6658 |                                             scipy._lib.array_api_compat.common
import time:      1860 |       8518 |                                           scipy._lib.array_api_compat
import time:      1525 |       1525 |                                                 numpy.fft._pocketfft_umath
import time:     11754 |      13279 |                                               numpy.fft._pocketfft
import time:      1763 |       1763 |                                               numpy.fft._helper
import time:       947 |        947 |                                               numpy.fft.helper
import time:      2018 |      18005 |                                             numpy.fft
import time:      1459 |       1459 |                                                 numpy.polynomial.polyutils
import time:      3281 |       3281 |                                                 numpy.polynomial._polybase
import time:      8219 |      12957 |                                               numpy.polynomial.polynomial
import time:      2179 |       2179 |                                               numpy.polynomial.chebyshev
import time:      2115 |       2115 |                                               numpy.polynomial.legendre
import time:      1886 |       1886 |                                               numpy.polynomial.hermite
import time:      1789 |       1789 |                                               numpy.polynomial.hermite_e
import time:      2240 |       2240 |                                               numpy.polynomial.laguerre
import time:      2144 |      25307 |                                             numpy.polynomial
import time:      1977 |       1977 |                                             numpy.ctypeslib
import time:     32423 |      32423 |                                                   numpy._core.strings
import time:      1130 |      33552 |                                                 numpy.strings
import time:      2663 |      36214 |                                               numpy._core.defchararray
import time:      1388 |      37601 |                                             numpy.char
import time:    157807 |     157807 |                                                 argparse
import time:      2479 |       2479 |                                                   fileinput
import time:      2741 |       2741 |                                                         81d243bd2c585b0f4821__mypyc
import time:     10355 |      10355 |                                                         charset_normalizer.constant
import time:      1577 |       1577 |                                                             _multibytecodec
import time:      3167 |       4743 |                                                           charset_normalizer.utils
import time:      2774 |       7516 |                                                         charset_normalizer.md
import time:      3494 |       3494 |                                                         charset_normalizer.models
import time:     10593 |      34697 |                                                       charset_normalizer.cd
import time:      2679 |      37375 |                                                     charset_normalizer.api
import time:      2858 |       2858 |                                                     charset_normalizer.legacy
import time:     14547 |      14547 |                                                     charset_normalizer.version
import time:     85560 |     140339 |                                                   charset_normalizer
import time:      4611 |       4611 |                                                   numpy.f2py.__version__
import time:     24336 |      24336 |                                                     numpy.f2py.cfuncs
import time:    251108 |     275443 |                                                   numpy.f2py.auxfuncs
import time:      9535 |       9535 |                                                   numpy.f2py.symbolic
import time:    258978 |     691383 |                                                 numpy.f2py.crackfortran
import time:      9940 |       9940 |                                                     numpy.f2py.cb_rules
import time:      1389 |       1389 |                                                     numpy.f2py._isocbind
import time:      3976 |      15304 |                                                   numpy.f2py.capi_maps
import time:    129406 |     129406 |                                                     numpy.f2py.func2subr
import time:      1526 |     130931 |                                                   numpy.f2py.common_rules
import time:      1034 |       1034 |                                                   numpy.f2py.use_rules
import time:      1673 |       1673 |                                                   numpy.f2py.f90mod_rules
import time:     25588 |     174527 |                                                 numpy.f2py.rules
import time:      9047 |       9047 |                                                 numpy.f2py._backends
import time:     15794 |    1048557 |                                               numpy.f2py.f2py2e
import time:      5892 |       5892 |                                               numpy.f2py.diagnose
import time:      1376 |    1055825 |                                             numpy.f2py
import time:      7331 |       7331 |                                             numpy.rec
import time:      7171 |       7171 |                                               numpy.core._utils
import time:      1449 |       8619 |                                             numpy.core
import time:      1597 |       1597 |                                                   unittest.util
import time:      9095 |      10691 |                                                 unittest.result
import time:      7549 |       7549 |                                                   difflib
import time:      3491 |      11039 |                                                 unittest.case
import time:      5711 |       5711 |                                                 unittest.suite
import time:     20462 |      20462 |                                                 unittest.loader
import time:     17379 |      17379 |                                                     unittest.signals
import time:     30688 |      48067 |                                                   unittest.runner
import time:      8822 |      56889 |                                                 unittest.main
import time:      7947 |     112736 |                                               unittest
import time:      1557 |       1557 |                                               numpy.testing._private
import time:       412 |        412 |                                                   numpy._core.tests
import time:     11572 |      11984 |                                                 numpy._core.tests._natype
import time:      8249 |      20232 |                                               numpy.testing._private.utils
import time:      1070 |       1070 |                                               numpy.testing._private.extbuild
import time:      1800 |       1800 |                                               numpy.testing.overrides
import time:      8640 |     146032 |                                             numpy.testing
import time:      2825 |       2825 |                                               scipy._lib.array_api_compat.common._aliases
import time:      1195 |       1195 |                                               scipy._lib.array_api_compat._internal
import time:      2133 |       2133 |                                               scipy._lib.array_api_compat.numpy._info
import time:      9543 |      15695 |                                             scipy._lib.array_api_compat.numpy._aliases
import time:      3730 |       3730 |                                               scipy._lib.array_api_compat.common._linalg
import time:      3448 |       7178 |                                             scipy._lib.array_api_compat.numpy.linalg
import time:      1259 |       1259 |                                               scipy._lib.array_api_compat.common._fft
import time:      3762 |       5020 |                                             scipy._lib.array_api_compat.numpy.fft
import time:     12611 |    1341196 |                                           scipy._lib.array_api_compat.numpy
import time:    485175 |    1840680 |                                         scipy._lib._array_api
import time:     10237 |      10237 |                                         scipy._lib._docscrape
import time:    293712 |    2144628 |                                       scipy._lib._util
import time:      3427 |    2148054 |                                     scipy.sparse._sputils
import time:      5605 |       5605 |                                     scipy.sparse._matrix
import time:     23639 |    2177298 |                                   scipy.sparse._base
import time:      5098 |       5098 |                                     scipy.sparse._sparsetools
import time:      1898 |       1898 |                                       scipy.sparse._data
import time:      2151 |       2151 |                                       scipy.sparse._index
import time:     15666 |      19715 |                                     scipy.sparse._compressed
import time:     11040 |      35852 |                                   scipy.sparse._csr
import time:      1667 |       1667 |                                   scipy.sparse._csc
import time:      5370 |       5370 |                                     scipy.sparse._csparsetools
import time:     10795 |      16165 |                                   scipy.sparse._lil
import time:      2741 |       2741 |                                   scipy.sparse._dok
import time:      3684 |       3684 |                                   scipy.sparse._coo
import time:    150353 |     150353 |                                   scipy.sparse._dia
import time:      2237 |       2237 |                                   scipy.sparse._bsr
import time:     13700 |      13700 |                                   scipy.sparse._construct
import time:      1176 |       1176 |                                   scipy.sparse._extract
import time:      1386 |       1386 |                                   scipy.sparse._matrix_io
import time:      2957 |       2957 |                                             scipy.sparse.linalg._interface
import time:      2058 |       2058 |                                             scipy.sparse.linalg._isolve.utils
import time:     16571 |      16571 |                                                   scipy.linalg._fblas
import time:      1150 |       1150 |                                                   scipy.linalg._cblas
import time:       131 |        131 |                                                   scipy.linalg._fblas_64
import time:      2321 |      20172 |                                                 scipy.linalg.blas
import time:     11194 |      11194 |                                                   scipy.linalg._flapack
import time:       246 |        246 |                                                   scipy.linalg._clapack
import time:       173 |        173 |                                                   scipy.linalg._flapack_64
import time:      6250 |      17861 |                                                 scipy.linalg.lapack
import time:      3201 |      41233 |                                               scipy.linalg._misc
import time:    157764 |     157764 |                                                 scipy.linalg.cython_lapack
import time:    155878 |     313642 |                                               scipy.linalg._cythonized_array_utils
import time:      2889 |       2889 |                                                 scipy.linalg._decomp
import time:      4565 |       4565 |                                                 scipy.linalg._decomp_svd
import time:      2375 |       2375 |                                                 scipy.linalg._solve_toeplitz
import time:     17628 |      27457 |                                               scipy.linalg._basic
import time:      1710 |       1710 |                                                 scipy.linalg._decomp_lu_cython
import time:      4588 |       6297 |                                               scipy.linalg._decomp_lu
import time:      3997 |       3997 |                                               scipy.linalg._decomp_ldl
import time:      1894 |       1894 |                                               scipy.linalg._decomp_cholesky
import time:      2423 |       2423 |                                               scipy.linalg._decomp_qr
import time:      1816 |       1816 |                                               scipy.linalg._decomp_qz
import time:      5055 |       5055 |                                               scipy.linalg._decomp_schur
import time:      3161 |       3161 |                                               scipy.linalg._decomp_polar
import time:      1537 |       1537 |                                                 scipy.linalg._expm_frechet
import time:      1690 |       1690 |                                                   scipy.linalg._matfuncs_sqrtm_triu
import time:     70741 |      72431 |                                                 scipy.linalg._matfuncs_sqrtm
import time:      2935 |       2935 |                                                 scipy.linalg._matfuncs_expm
import time:      2189 |       2189 |                                                 scipy.linalg._linalg_pythran
import time:     10352 |      89441 |                                               scipy.linalg._matfuncs
import time:      1427 |       1427 |                                               scipy.linalg._special_matrices
import time:      6358 |       6358 |                                               scipy.linalg._solvers
import time:     14716 |      14716 |                                               scipy.linalg._procrustes
import time:      3002 |       3002 |                                                 scipy.linalg.cython_blas
import time:      1820 |       4822 |                                               scipy.linalg._decomp_update
import time:     11199 |      11199 |                                               scipy.linalg._sketches
import time:      5042 |       5042 |                                               scipy.linalg._decomp_cossin
import time:      4646 |       4646 |                                                 scipy._lib.deprecation
import time:     36056 |      40701 |                                               scipy.linalg.decomp
import time:      1634 |       1634 |                                               scipy.linalg.decomp_cholesky
import time:       997 |        997 |                                               scipy.linalg.decomp_lu
import time:      1210 |       1210 |                                               scipy.linalg.decomp_qr
import time:       722 |        722 |                                               scipy.linalg.decomp_svd
import time:       677 |        677 |                                               scipy.linalg.decomp_schur
import time:      1598 |       1598 |                                               scipy.linalg.basic
import time:      1072 |       1072 |                                               scipy.linalg.misc
import time:      1396 |       1396 |                                               scipy.linalg.special_matrices
import time:      1231 |       1231 |                                               scipy.linalg.matfuncs
import time:     33673 |     624877 |                                             scipy.linalg
import time:      2200 |     632091 |                                           scipy.sparse.linalg._isolve.iterative
import time:      1702 |       1702 |                                           scipy.sparse.linalg._isolve.minres
import time:      1102 |       1102 |                                             scipy.sparse.linalg._isolve._gcrotmk
import time:      1087 |       2189 |                                           scipy.sparse.linalg._isolve.lgmres
import time:      1947 |       1947 |                                           scipy.sparse.linalg._isolve.lsqr
import time:      1363 |       1363 |                                           scipy.sparse.linalg._isolve.lsmr
import time:      1143 |       1143 |                                           scipy.sparse.linalg._isolve.tfqmr
import time:      3758 |     644190 |                                         scipy.sparse.linalg._isolve
import time:      1555 |       1555 |                                             scipy.sparse.linalg._dsolve._superlu
import time:       404 |        404 |                                               scikits
import time:        98 |        501 |                                             scikits.umfpack
import time:      3704 |       5758 |                                           scipy.sparse.linalg._dsolve.linsolve
import time:      2081 |       2081 |                                           scipy.sparse.linalg._dsolve._add_newdocs
import time:      3190 |      11028 |                                         scipy.sparse.linalg._dsolve
import time:     13426 |      13426 |                                                 scipy._lib.decorator
import time:      2283 |      15709 |                                               scipy._lib._threadsafety
import time:      2148 |       2148 |                                               scipy.sparse.linalg._eigen.arpack._arpack
import time:      4179 |      22035 |                                             scipy.sparse.linalg._eigen.arpack.arpack
import time:      3119 |      25154 |                                           scipy.sparse.linalg._eigen.arpack
import time:      7435 |       7435 |                                             scipy.sparse.linalg._eigen.lobpcg.lobpcg
import time:     10456 |      17891 |                                           scipy.sparse.linalg._eigen.lobpcg
import time:       469 |        469 |                                               scipy.sparse.linalg._propack
import time:      5086 |       5086 |                                               scipy.sparse.linalg._propack._spropack
import time:      4681 |       4681 |                                               scipy.sparse.linalg._propack._dpropack
import time:      2574 |       2574 |                                               scipy.sparse.linalg._propack._cpropack
import time:      1583 |       1583 |                                               scipy.sparse.linalg._propack._zpropack
import time:     43707 |      58097 |                                             scipy.sparse.linalg._svdp
import time:      8563 |      66660 |                                           scipy.sparse.linalg._eigen._svds
import time:      2213 |     111916 |                                         scipy.sparse.linalg._eigen
import time:       948 |        948 |                                             scipy.sparse.linalg._onenormest
import time:      2446 |       3393 |                                           scipy.sparse.linalg._expm_multiply
import time:      5237 |       8630 |                                         scipy.sparse.linalg._matfuncs
import time:       840 |        840 |                                         scipy.sparse.linalg._norm
import time:      2597 |       2597 |                                         scipy.sparse.linalg._special_sparse_arrays
import time:      5697 |       5697 |                                         scipy.sparse.linalg.isolve
import time:      1042 |       1042 |                                         scipy.sparse.linalg.dsolve
import time:      1225 |       1225 |                                         scipy.sparse.linalg.interface
import time:       652 |        652 |                                         scipy.sparse.linalg.eigen
import time:       764 |        764 |                                         scipy.sparse.linalg.matfuncs
import time:      3447 |     792022 |                                       scipy.sparse.linalg
import time:      2864 |     794886 |                                     scipy.sparse.csgraph._laplacian
import time:      2891 |       2891 |                                         scipy.sparse.csgraph._tools
import time:       970 |       3861 |                                       scipy.sparse.csgraph._validation
import time:      2197 |       6057 |                                     scipy.sparse.csgraph._shortest_path
import time:      2923 |       2923 |                                     scipy.sparse.csgraph._traversal
import time:      2230 |       2230 |                                     scipy.sparse.csgraph._min_spanning_tree
import time:      4327 |       4327 |                                     scipy.sparse.csgraph._flow
import time:      7198 |       7198 |                                     scipy.sparse.csgraph._matching
import time:      5510 |       5510 |                                     scipy.sparse.csgraph._reordering
import time:      1743 |     824871 |                                   scipy.sparse.csgraph
import time:       807 |        807 |                                   scipy.sparse.base
import time:       693 |        693 |                                   scipy.sparse.bsr
import time:       714 |        714 |                                   scipy.sparse.compressed
import time:      1348 |       1348 |                                   scipy.sparse.construct
import time:    129392 |     129392 |                                   scipy.sparse.coo
import time:      8783 |       8783 |                                   scipy.sparse.csc
import time:      6790 |       6790 |                                   scipy.sparse.csr
import time:      1049 |       1049 |                                   scipy.sparse.data
import time:      4072 |       4072 |                                   scipy.sparse.dia
import time:     10750 |      10750 |                                   scipy.sparse.dok
import time:      9817 |       9817 |                                   scipy.sparse.extract
import time:      6055 |       6055 |                                   scipy.sparse.lil
import time:      9732 |       9732 |                                   scipy.sparse.sparsetools
import time:      6196 |       6196 |                                   scipy.sparse.sputils
import time:      6071 |    3596711 |                                 scipy.sparse
import time:     23509 |      23509 |                                       scipy.special._sf_error
import time:      4031 |       4031 |                                         scipy.special._ufuncs_cxx
import time:    131445 |     131445 |                                         scipy.special._special_ufuncs
import time:      8216 |     143691 |                                       scipy.special._ufuncs
import time:      6705 |       6705 |                                       scipy.special._support_alternative_backends
import time:      4284 |       4284 |                                         scipy.special._gufuncs
import time:      1070 |       1070 |                                         scipy.special._input_validation
import time:      2364 |       2364 |                                         scipy.special._specfun
import time:      1246 |       1246 |                                         scipy.special._comb
import time:      4409 |       4409 |                                         scipy.special._multiufuncs
import time:      3470 |      16841 |                                       scipy.special._basic
import time:      8324 |       8324 |                                           scipy._lib.array_api_extra._funcs
import time:      5642 |      13965 |                                         scipy._lib.array_api_extra
import time:      4998 |      18963 |                                       scipy.special._logsumexp
import time:      3932 |       3932 |                                       scipy.special._orthogonal
import time:      1271 |       1271 |                                       scipy.special._spfun_stats
import time:      6216 |       6216 |                                         scipy.special._ellip_harm_2
import time:      1106 |       7321 |                                       scipy.special._ellip_harm
import time:       808 |        808 |                                       scipy.special._lambertw
import time:      1191 |       1191 |                                       scipy.special._spherical_bessel
import time:      1254 |       1254 |                                       scipy.special.add_newdocs
import time:      1057 |       1057 |                                       scipy.special.basic
import time:     21480 |      21480 |                                       scipy.special.orthogonal
import time:      1084 |       1084 |                                       scipy.special.specfun
import time:      2855 |       2855 |                                       scipy.special.sf_error
import time:      1898 |       1898 |                                       scipy.special.spfun_stats
import time:     12269 |     266124 |                                     scipy.special
import time:      1031 |       1031 |                                     sklearn.externals
import time:      5826 |       5826 |                                           sklearn.externals.array_api_compat.common._typing
import time:      3211 |       9036 |                                         sklearn.externals.array_api_compat.common._helpers
import time:      1700 |      10736 |                                       sklearn.externals.array_api_compat.common
import time:      2178 |      12913 |                                     sklearn.externals.array_api_compat
import time:      1536 |       1536 |                                             sklearn.externals.array_api_extra._lib._utils
import time:     68822 |      68822 |                                               sklearn.externals._array_api_compat_vendor
import time:      1223 |      70044 |                                             sklearn.externals.array_api_extra._lib._utils._compat
import time:      2134 |      73714 |                                           sklearn.externals.array_api_extra._lib._backends
import time:      1390 |      75103 |                                         sklearn.externals.array_api_extra._lib
import time:      4448 |       4448 |                                               sklearn.externals.array_api_extra._lib._utils._typing
import time:      6147 |      10595 |                                             sklearn.externals.array_api_extra._lib._utils._helpers
import time:      9990 |      20584 |                                           sklearn.externals.array_api_extra._lib._at
import time:      2937 |      23521 |                                         sklearn.externals.array_api_extra._lib._funcs
import time:      1682 |     100305 |                                       sklearn.externals.array_api_extra._delegation
import time:      6507 |       6507 |                                       sklearn.externals.array_api_extra._lib._lazy
import time:      1198 |     108009 |                                     sklearn.externals.array_api_extra
import time:      5884 |       5884 |                                         sklearn.externals.array_api_compat._internal
import time:      8880 |       8880 |                                         sklearn.externals.array_api_compat.common._aliases
import time:    106838 |     106838 |                                           sklearn.externals.array_api_compat.numpy._typing
import time:     39953 |     146791 |                                         sklearn.externals.array_api_compat.numpy._info
import time:     18279 |     179833 |                                       sklearn.externals.array_api_compat.numpy._aliases
import time:      8457 |       8457 |                                         sklearn.externals.array_api_compat.common._linalg
import time:     21160 |      29617 |                                       sklearn.externals.array_api_compat.numpy.linalg
import time:      1703 |       1703 |                                         sklearn.externals.array_api_compat.common._fft
import time:      3593 |       5295 |                                       sklearn.externals.array_api_compat.numpy.fft
import time:      7651 |     222394 |                                     sklearn.externals.array_api_compat.numpy
import time:      3526 |       3526 |                                         scipy.stats._warnings_errors
import time:      4379 |       4379 |                                               scipy.spatial._ckdtree
import time:      3052 |       7430 |                                             scipy.spatial._kdtree
import time:      2420 |       2420 |                                               scipy._lib.messagestream
import time:      5573 |       7992 |                                             scipy.spatial._qhull
import time:      1884 |       1884 |                                               scipy.spatial._voronoi
import time:      3092 |       4976 |                                             scipy.spatial._spherical_voronoi
import time:     81577 |      81577 |                                             scipy.spatial._plotutils
import time:    295738 |     295738 |                                             scipy.spatial._procrustes
import time:      6417 |       6417 |                                                 scipy.spatial._distance_wrap
import time:      5120 |       5120 |                                                 scipy.spatial._hausdorff
import time:      3621 |       3621 |                                                 scipy.spatial._distance_pybind
import time:     62278 |      77436 |                                               scipy.spatial.distance
import time:     10913 |      88348 |                                             scipy.spatial._geometric_slerp
import time:     14996 |      14996 |                                             scipy.spatial.ckdtree
import time:     29087 |      29087 |                                             scipy.spatial.kdtree
import time:      1614 |       1614 |                                             scipy.spatial.qhull
import time:       476 |        476 |                                                 backports_abc
import time:     46088 |      46088 |                                                     scipy.constants._codata
import time:      1334 |       1334 |                                                     scipy.constants._constants
import time:      5433 |       5433 |                                                     scipy.constants.codata
import time:      1167 |       1167 |                                                     scipy.constants.constants
import time:    106711 |     160730 |                                                   scipy.constants
import time:      1204 |     161934 |                                                 scipy.spatial.transform._rotation_groups
import time:      6423 |     168832 |                                               scipy.spatial.transform._rotation
import time:      1227 |       1227 |                                               scipy.spatial.transform._rotation_spline
import time:      1182 |       1182 |                                               scipy.spatial.transform.rotation
import time:      1836 |     173076 |                                             scipy.spatial.transform
import time:      5253 |     710083 |                                           scipy.spatial
import time:      1248 |       1248 |                                                 scipy.optimize._dcsrch
import time:      1587 |       2834 |                                               scipy.optimize._linesearch
import time:      2182 |       2182 |                                                 scipy.optimize._group_columns
import time:      1085 |       3267 |                                               scipy.optimize._numdiff
import time:      1288 |       1288 |                                                 scipy.optimize._hessian_update_strategy
import time:      1671 |       2958 |                                               scipy.optimize._differentiable_functions
import time:      6362 |      15420 |                                             scipy.optimize._optimize
import time:      1747 |       1747 |                                                 scipy.optimize._trustregion
import time:       960 |       2707 |                                               scipy.optimize._trustregion_dogleg
import time:       801 |        801 |                                               scipy.optimize._trustregion_ncg
import time:      5899 |       5899 |                                                   scipy.optimize._trlib._trlib
import time:      2306 |       8205 |                                                 scipy.optimize._trlib
import time:       777 |       8982 |                                               scipy.optimize._trustregion_krylov
import time:      1645 |       1645 |                                               scipy.optimize._trustregion_exact
import time:      1648 |       1648 |                                                   scipy.optimize._constraints
import time:       415 |        415 |                                                         sksparse
import time:       193 |        608 |                                                       sksparse.cholmod
import time:      1189 |       1796 |                                                     scipy.optimize._trustregion_constr.projections
import time:      1820 |       1820 |                                                     scipy.optimize._trustregion_constr.qp_subproblem
import time:      1146 |       4761 |                                                   scipy.optimize._trustregion_constr.equality_constrained_sqp
import time:      1570 |       1570 |                                                   scipy.optimize._trustregion_constr.canonical_constraint
import time:      1465 |       1465 |                                                   scipy.optimize._trustregion_constr.tr_interior_point
import time:      1181 |       1181 |                                                   scipy.optimize._trustregion_constr.report
import time:      1870 |      12493 |                                                 scipy.optimize._trustregion_constr.minimize_trustregion_constr
import time:       941 |      13433 |                                               scipy.optimize._trustregion_constr
import time:      1723 |       1723 |                                                 scipy.optimize._lbfgsb
import time:      1572 |       3295 |                                               scipy.optimize._lbfgsb_py
import time:      1577 |       1577 |                                                 scipy.optimize._moduleTNC
import time:      1208 |       2785 |                                               scipy.optimize._tnc
import time:      1588 |       1588 |                                                 scipy.optimize._cobyla
import time:      1514 |       3101 |                                               scipy.optimize._cobyla_py
import time:      1304 |       1304 |                                               scipy.optimize._cobyqa_py
import time:      1360 |       1360 |                                                 scipy.optimize._slsqp
import time:      2867 |       4226 |                                               scipy.optimize._slsqp_py
import time:      1714 |      43986 |                                             scipy.optimize._minimize
import time:      1451 |       1451 |                                                 scipy.optimize._minpack
import time:     61745 |      61745 |                                                       scipy.optimize._lsq.common
import time:     36458 |      98203 |                                                     scipy.optimize._lsq.trf
import time:      1107 |       1107 |                                                     scipy.optimize._lsq.dogbox
import time:      1911 |     101220 |                                                   scipy.optimize._lsq.least_squares
import time:      3173 |       3173 |                                                       scipy.optimize._lsq.givens_elimination
import time:      6959 |      10132 |                                                     scipy.optimize._lsq.trf_linear
import time:      2522 |       2522 |                                                     scipy.optimize._lsq.bvls
import time:      6931 |      19584 |                                                   scipy.optimize._lsq.lsq_linear
import time:     96786 |     217588 |                                                 scipy.optimize._lsq
import time:      1704 |     220742 |                                               scipy.optimize._minpack_py
import time:      6362 |       6362 |                                               scipy.optimize._spectral
import time:     14030 |      14030 |                                               scipy.optimize._nonlin
import time:      1662 |     242795 |                                             scipy.optimize._root
import time:      1723 |       1723 |                                                 scipy.optimize._zeros
import time:      2493 |       4215 |                                               scipy.optimize._zeros_py
import time:      1336 |       5551 |                                             scipy.optimize._root_scalar
import time:      1922 |       1922 |                                               scipy.optimize._cython_nnls
import time:      4804 |       6725 |                                             scipy.optimize._nnls
import time:      8160 |       8160 |                                             scipy.optimize._basinhopping
import time:      1126 |       1126 |                                                   scipy.optimize._highspy
import time:    249118 |     249118 |                                                   scipy.optimize._highspy._core
import time:     14526 |      14526 |                                                   scipy.optimize._highspy._highs_options
import time:     54964 |     319733 |                                                 scipy.optimize._highspy._highs_wrapper
import time:      9385 |     329118 |                                               scipy.optimize._linprog_highs
import time:      2368 |       2368 |                                                               uarray
import time:      2276 |       2276 |                                                                   scipy._lib._uarray._uarray
import time:      3204 |       5480 |                                                                 scipy._lib._uarray._backend
import time:      1290 |       6769 |                                                               scipy._lib._uarray
import time:    254850 |     263986 |                                                             scipy._lib.uarray
import time:      7520 |     271505 |                                                           scipy.fft._basic
import time:      6444 |       6444 |                                                           scipy.fft._realtransforms
import time:      3404 |       3404 |                                                             scipy.fft._fftlog_backend
import time:      3262 |       6666 |                                                           scipy.fft._fftlog
import time:     27690 |      27690 |                                                                 scipy.fft._pocketfft.pypocketfft
import time:     45580 |      45580 |                                                                 scipy.fft._pocketfft.helper
import time:      3297 |      76566 |                                                               scipy.fft._pocketfft.basic
import time:    158486 |     158486 |                                                               scipy.fft._pocketfft.realtransforms
import time:      1445 |     236496 |                                                             scipy.fft._pocketfft
import time:     11241 |     247736 |                                                           scipy.fft._helper
import time:     16186 |      16186 |                                                             scipy.fft._basic_backend
import time:     12599 |      12599 |                                                             scipy.fft._realtransforms_backend
import time:     10415 |      39199 |                                                           scipy.fft._backend
import time:      5092 |     576639 |                                                         scipy.fft
import time:      2489 |     579127 |                                                       scipy.linalg._decomp_interpolative
import time:      2236 |     581363 |                                                     scipy.linalg.interpolative
import time:      6666 |     588029 |                                                   scipy.optimize._remove_redundancy
import time:      5037 |     593065 |                                                 scipy.optimize._linprog_util
import time:       466 |        466 |                                                 sksparse
import time:       357 |        357 |                                                   scikits
import time:        86 |        443 |                                                 scikits.umfpack
import time:     35728 |     629701 |                                               scipy.optimize._linprog_ip
import time:      3086 |       3086 |                                               scipy.optimize._linprog_simplex
import time:      2529 |       2529 |                                                 scipy.optimize._bglu_dense
import time:      3587 |       6115 |                                               scipy.optimize._linprog_rs
import time:      2677 |       2677 |                                               scipy.optimize._linprog_doc
import time:      3192 |     973886 |                                             scipy.optimize._linprog
import time:      1479 |       1479 |                                             scipy.optimize._lsap
import time:     17319 |      17319 |                                             scipy.optimize._differentialevolution
import time:      2292 |       2292 |                                               scipy.optimize._pava_pybind
import time:      2165 |       4457 |                                             scipy.optimize._isotonic
import time:      1020 |       1020 |                                                 scipy.optimize._shgo_lib
import time:      3293 |       3293 |                                                 scipy.optimize._shgo_lib._vertex
import time:      2202 |       6515 |                                               scipy.optimize._shgo_lib._complex
import time:      5989 |      12503 |                                             scipy.optimize._shgo
import time:     68315 |      68315 |                                             scipy.optimize._dual_annealing
import time:      8651 |       8651 |                                             scipy.optimize._qap
import time:      1278 |       1278 |                                               scipy.optimize._direct
import time:      3533 |       4810 |                                             scipy.optimize._direct_py
import time:      3853 |       3853 |                                             scipy.optimize._milp
import time:     14738 |      14738 |                                             scipy.optimize.cobyla
import time:      4488 |       4488 |                                             scipy.optimize.lbfgsb
import time:      5003 |       5003 |                                             scipy.optimize.linesearch
import time:      8312 |       8312 |                                             scipy.optimize.minpack
import time:      6116 |       6116 |                                             scipy.optimize.minpack2
import time:      4095 |       4095 |                                             scipy.optimize.moduleTNC
import time:     72702 |      72702 |                                             scipy.optimize.nonlin
import time:     17462 |      17462 |                                             scipy.optimize.optimize
import time:     12732 |      12732 |                                             scipy.optimize.slsqp
import time:      4166 |       4166 |                                             scipy.optimize.tnc
import time:      8331 |       8331 |                                             scipy.optimize.zeros
import time:      4455 |    1580498 |                                           scipy.optimize
import time:      2545 |       2545 |                                               scipy._lib.doccer
import time:      1466 |       1466 |                                               scipy.stats._distr_params
import time:      3301 |       3301 |                                               scipy.integrate._quadrature
import time:      1241 |       1241 |                                                 scipy.integrate._odepack
import time:      1787 |       3027 |                                               scipy.integrate._odepack_py
import time:      2670 |       2670 |                                                 scipy.integrate._quadpack
import time:      1678 |       4348 |                                               scipy.integrate._quadpack_py
import time:      2912 |       2912 |                                                 scipy.integrate._vode
import time:      2623 |       2623 |                                                 scipy.integrate._dop
import time:      1846 |       1846 |                                                 scipy.integrate._lsoda
import time:      3557 |      10937 |                                               scipy.integrate._ode
import time:      1323 |       1323 |                                               scipy.integrate._bvp
import time:       714 |        714 |                                                     scipy.integrate._ivp.common
import time:       685 |        685 |                                                     scipy.integrate._ivp.base
import time:      1010 |       2408 |                                                   scipy.integrate._ivp.bdf
import time:      1574 |       1574 |                                                   scipy.integrate._ivp.radau
import time:      1763 |       1763 |                                                     scipy.integrate._ivp.dop853_coefficients
import time:      1768 |       3531 |                                                   scipy.integrate._ivp.rk
import time:       938 |        938 |                                                   scipy.integrate._ivp.lsoda
import time:      1437 |       9886 |                                                 scipy.integrate._ivp.ivp
import time:       612 |      10498 |                                               scipy.integrate._ivp
import time:      1127 |       1127 |                                               scipy.integrate._quad_vec
import time:       742 |        742 |                                                 scipy._lib._elementwise_iterative_method
import time:      3390 |       4132 |                                               scipy.integrate._tanhsinh
import time:      2222 |       2222 |                                                   scipy.integrate._rules._base
import time:       762 |        762 |                                                   scipy.integrate._rules._genz_malik
import time:       817 |        817 |                                                     scipy.integrate._rules._gauss_legendre
import time:       912 |       1729 |                                                   scipy.integrate._rules._gauss_kronrod
import time:       921 |       5632 |                                                 scipy.integrate._rules
import time:    525072 |     530704 |                                               scipy.integrate._cubature
import time:      7579 |       7579 |                                               scipy.integrate._lebedev
import time:       827 |        827 |                                               scipy.integrate.dop
import time:       585 |        585 |                                               scipy.integrate.lsoda
import time:       492 |        492 |                                               scipy.integrate.vode
import time:       433 |        433 |                                               scipy.integrate.odepack
import time:       432 |        432 |                                               scipy.integrate.quadpack
import time:       467 |        467 |                                               scipy._lib._finite_differences
import time:       517 |        517 |                                               scipy.stats._constants
import time:    255296 |     255296 |                                               scipy.stats._censored_data
import time:    130415 |     970440 |                                             scipy.stats._distn_infrastructure
import time:   8531116 |    8531116 |                                                       scipy.interpolate._fitpack
import time:   7718091 |    7718091 |                                                       scipy.interpolate._dfitpack
import time:     17969 |   16267175 |                                                     scipy.interpolate._fitpack_impl
import time:   9513183 |    9513183 |                                                       scipy.interpolate._dierckx
import time:      2860 |    9516042 |                                                     scipy.interpolate._bsplines
import time:      1529 |   25784745 |                                                   scipy.interpolate._fitpack_py
import time:      1783 |       1783 |                                                   scipy.interpolate._polyint
import time:   9379333 |    9379333 |                                                   scipy.interpolate._ppoly
import time:   7045186 |    7045186 |                                                   scipy.interpolate._interpnd
import time:      2413 |   42213458 |                                                 scipy.interpolate._interpolate
import time:     22599 |      22599 |                                                 scipy.interpolate._fitpack2
import time:     14678 |      14678 |                                                 scipy.interpolate._rbf
import time:   6743038 |    6743038 |                                                   scipy.interpolate._rbfinterp_pythran
import time:     10329 |    6753366 |                                                 scipy.interpolate._rbfinterp
import time:     18668 |      18668 |                                                 scipy.interpolate._cubic
import time:      1640 |       1640 |                                                 scipy.interpolate._ndgriddata
import time:      5099 |       5099 |                                                 scipy.interpolate._fitpack_repro
import time:       759 |        759 |                                                 scipy.interpolate._pade
import time:   5186326 |    5186326 |                                                   scipy.interpolate._rgi_cython
import time:   6163570 |    6163570 |                                                     scipy.interpolate._bspl
import time:      1301 |    6164871 |                                                   scipy.interpolate._ndbspline
import time:      1210 |   11352406 |                                                 scipy.interpolate._rgi
import time:     11980 |      11980 |                                                 scipy.interpolate._bary_rational
import time:     19059 |      19059 |                                                 scipy.interpolate.fitpack
import time:       583 |        583 |                                                 scipy.interpolate.fitpack2
import time:      3572 |       3572 |                                                 scipy.interpolate.interpolate
import time:       478 |        478 |                                                 scipy.interpolate.ndgriddata
import time:       461 |        461 |                                                 scipy.interpolate.polyint
import time:       778 |        778 |                                                 scipy.interpolate.rbf
import time:      2091 |       2091 |                                                 scipy.interpolate.interpnd
import time:     15317 |   60436983 |                                               scipy.interpolate
import time:   5913835 |    5913835 |                                                 scipy.special.cython_special
import time:   4986843 |   10900677 |                                               scipy.stats._stats
import time:     32878 |      32878 |                                               scipy.stats._tukeylambda_stats
import time:    113885 |     113885 |                                                 scipy.optimize._bracket
import time:      1967 |       1967 |                                                 scipy.optimize._chandrupatla
import time:     16832 |      16832 |                                                 scipy.stats._probability_distribution
import time:   5968298 |    5968298 |                                                     scipy.stats._sobol
import time:   7276944 |    7276944 |                                                     scipy.stats._qmc_cy
import time:    608480 |   13853721 |                                                   scipy.stats._qmc
import time:       883 |   13854603 |                                                 scipy.stats.qmc
import time:     23724 |   14011008 |                                               scipy.stats._distribution_infrastructure
import time:     10049 |      10049 |                                               scipy.stats._ksstats
import time:   5971432 |   91363024 |                                             scipy.stats._continuous_distns
import time:   8559355 |    8559355 |                                               scipy.stats._biasedurn
import time:   9778623 |    9778623 |                                               scipy.stats._stats_pythran
import time:    551131 |   18889107 |                                             scipy.stats._discrete_distns
import time:   8518661 |    8518661 |                                               scipy.stats._levy_stable.levyst
import time:     12757 |    8531417 |                                             scipy.stats._levy_stable
import time:      2563 |       2563 |                                               scipy.stats._axis_nan_policy
import time:     11063 |      13625 |                                             scipy.stats._entropy
import time:      6964 |  119774576 |                                           scipy.stats.distributions
import time:      1042 |       1042 |                                             scipy._lib._bunch
import time:      4842 |       4842 |                                             scipy.stats._stats_mstats_common
import time:     99576 |     105459 |                                           scipy.stats._mstats_basic
import time:      1061 |       1061 |                                             scipy.stats._common
import time:     43829 |      44890 |                                           scipy.stats._hypotests
import time:    916123 |     916123 |                                           scipy.stats._resampling
import time:       858 |        858 |                                           scipy.stats._binomtest
import time:   3477083 |  126609565 |                                         scipy.stats._stats_py
import time:      6185 |       6185 |                                         scipy.stats._variation
import time:   8387029 |    8387029 |                                           scipy.stats._ansari_swilk_statistics
import time:      1098 |       1098 |                                           scipy.stats._wilcoxon
import time:    132478 |     132478 |                                           scipy.stats._fit
import time:      2274 |       2274 |                                             scipy.stats._relative_risk
import time:     11116 |      11116 |                                             scipy.stats._crosstab
import time:       916 |        916 |                                             scipy.stats._odds_ratio
import time:     47126 |      61432 |                                           scipy.stats.contingency
import time:    621596 |    9203632 |                                         scipy.stats._morestats
import time:    243566 |     243566 |                                         scipy.stats._multicomp
import time:     13386 |      13386 |                                         scipy.stats._binned_statistic
import time:   7689108 |    7689108 |                                           scipy.stats._mvn
import time:      1297 |    7690405 |                                         scipy.stats._kde
import time:      1251 |       1251 |                                           scipy.stats._mstats_extras
import time:       935 |       2185 |                                         scipy.stats.mstats
import time:      2400 |       2400 |                                           scipy.stats._covariance
import time:   8804472 |    8804472 |                                             scipy.stats._rcont.rcont
import time:     28624 |    8833095 |                                           scipy.stats._rcont
import time:      2763 |       2763 |                                           scipy.stats._qmvnt
import time:     80266 |    8918522 |                                         scipy.stats._multivariate
import time:      8721 |       8721 |                                         scipy.stats._page_trend_test
import time:      7063 |       7063 |                                         scipy.stats._mannwhitneyu
import time:     19774 |      19774 |                                         scipy.stats._bws_test
import time:      6742 |       6742 |                                         scipy.stats._sensitivity_analysis
import time:     12409 |      12409 |                                         scipy.stats._survival
import time:    854266 |     854266 |                                         scipy.stats._new_distributions
import time:     23661 |      23661 |                                                   scipy.ndimage._ni_support
import time:   6326031 |    6326031 |                                                   scipy.ndimage._nd_image
import time:      1063 |       1063 |                                                   scipy.ndimage._ni_docstrings
import time:   4491760 |    4491760 |                                                   scipy.ndimage._rank_filter_1d
import time:    171914 |   11014426 |                                                 scipy.ndimage._filters
import time:       765 |        765 |                                                 scipy.ndimage._fourier
import time:     24151 |      24151 |                                                 scipy.ndimage._interpolation
import time:   7486184 |    7486184 |                                                   scipy.ndimage._ni_label
import time:      8143 |       8143 |                                                   scipy.ndimage._morphology
import time:      1483 |    7495809 |                                                 scipy.ndimage._measurements
import time:     32030 |   18567179 |                                               scipy.ndimage._ndimage_api
import time:     21274 |      21274 |                                               scipy.ndimage._delegators
import time:     10762 |   18599214 |                                             scipy.ndimage._support_alternative_backends
import time:       699 |        699 |                                             scipy.ndimage.filters
import time:      1183 |       1183 |                                             scipy.ndimage.fourier
import time:      1021 |       1021 |                                             scipy.ndimage.interpolation
import time:      1425 |       1425 |                                             scipy.ndimage.measurements
import time:       556 |        556 |                                             scipy.ndimage.morphology
import time:     42694 |   18646789 |                                           scipy.ndimage
import time:      3403 |   18650191 |                                         scipy.stats._mgc
import time:      5322 |       5322 |                                         scipy.stats._correlation
import time:       982 |        982 |                                         scipy.stats.biasedurn
import time:      2499 |       2499 |                                         scipy.stats.kde
import time:       510 |        510 |                                         scipy.stats.morestats
import time:       393 |        393 |                                         scipy.stats.mstats_basic
import time:       735 |        735 |                                         scipy.stats.mstats_extras
import time:       499 |        499 |                                         scipy.stats.mvn
import time:       547 |        547 |                                         scipy.stats.stats
import time:    122579 |  172384191 |                                       scipy.stats
import time:      1883 |       1883 |                                         sklearn.externals._packaging
import time:     41848 |      41848 |                                         sklearn.externals._packaging._structures
import time:     70240 |     113971 |                                       sklearn.externals._packaging.version
import time:       517 |        517 |                                               ctypes.macholib
import time:      5530 |       5530 |                                               ctypes.macholib.framework
import time:      1885 |       1885 |                                               ctypes.macholib.dylib
import time:      1570 |       9501 |                                             ctypes.macholib.dyld
import time:      2540 |      12040 |                                           ctypes.util
import time:     14021 |      26061 |                                         threadpoolctl
import time:      6095 |      32155 |                                       sklearn.utils.parallel
import time:       832 |        832 |                                       pyarrow
import time:      8067 |  172539215 |                                     sklearn.utils.fixes
import time:      3635 |  173153318 |                                   sklearn.utils._array_api
import time:       953 |        953 |                                   sklearn.utils.deprecation
import time:   8443243 |    8443243 |                                     sklearn._cyutility
import time:   9399039 |   17842281 |                                   sklearn.utils._isfinite
import time:    401741 |     401741 |                                   sklearn.utils._tags
import time:     12387 |  191410678 |                                 sklearn.utils.validation
import time:      5877 |  195013265 |                               sklearn.utils._param_validation
import time:      4001 |  195017265 |                             sklearn.utils._chunking
import time:  10480055 |   10480055 |                                 sklearn.utils.sparsefuncs_fast
import time:      3493 |   10483548 |                               sklearn.utils.extmath
import time:     20862 |   10504409 |                             sklearn.utils._indexing
import time:       512 |        512 |                               sklearn.utils._missing
import time:      1152 |       1664 |                             sklearn.utils._mask
import time:       662 |        662 |                               sklearn.utils._repr_html
import time:      3106 |       3768 |                             sklearn.utils._repr_html.base
import time:     48269 |      48269 |                             sklearn.utils._repr_html.estimator
import time:      3875 |       3875 |                             sklearn.utils.class_weight
import time:     11306 |      11306 |                             sklearn.utils.discovery
import time:   9269085 |    9269085 |                             sklearn.utils.murmurhash
import time:     53734 |  214921822 |                           sklearn.utils
import time:       272 |  214922094 |                         sklearn.utils._metadata_requests
import time:      1249 |       1249 |                         sklearn.utils._repr_html.params
import time:       610 |        610 |                           sklearn.utils._available_if
import time:      4133 |       4742 |                         sklearn.utils._set_output
import time:      9541 |  214941039 |                       sklearn.base
import time:   4656289 |    4656289 |                         sklearn.utils._openmp_helpers
import time:      1361 |    4657650 |                       sklearn.utils._show_versions
import time:       942 |        942 |                       sklearn._built_with_meson
import time:      3619 |  219621719 |                     sklearn
import time:      9392 |       9392 |                           sklearn.metrics.cluster._bicluster
import time:      1046 |       1046 |                               sklearn.utils._unique
import time:      1943 |       2989 |                             sklearn.utils.multiclass
import time:   6837753 |    6837753 |                             sklearn.metrics.cluster._expected_mutual_info_fast
import time:     20292 |    6861033 |                           sklearn.metrics.cluster._supervised
import time:      1838 |       1838 |                                 sklearn.utils.sparsefuncs
import time:      4975 |       4975 |                                   sklearn.utils._encode
import time:     72468 |      77442 |                                 sklearn.preprocessing._encoders
import time:    180909 |     260188 |                               sklearn.preprocessing._data
import time:       609 |        609 |                                 sklearn.utils.stats
import time:      1990 |       2599 |                               sklearn.preprocessing._discretization
import time:      1258 |       1258 |                                 sklearn.utils.metaestimators
import time:      6668 |       7925 |                               sklearn.preprocessing._function_transformer
import time:     50088 |      50088 |                               sklearn.preprocessing._label
import time:   6627712 |    6627712 |                                 sklearn.preprocessing._csr_polynomial_expansion
import time:     12740 |    6640452 |                               sklearn.preprocessing._polynomial
import time:   4269990 |    4269990 |                                 sklearn.preprocessing._target_encoder_fast
import time:      1611 |    4271601 |                               sklearn.preprocessing._target_encoder
import time:      3116 |   11235966 |                             sklearn.preprocessing
import time:   4333255 |    4333255 |                                   sklearn.metrics._dist_metrics
import time:   4947203 |    4947203 |                                       sklearn.metrics._pairwise_distances_reduction._datasets_pair
import time:   7790897 |    7790897 |                                       sklearn.utils._cython_blas
import time:   5755988 |   18494087 |                                     sklearn.metrics._pairwise_distances_reduction._base
import time:   3970399 |    3970399 |                                     sklearn.metrics._pairwise_distances_reduction._middle_term_computer
import time:   2586523 |    2586523 |                                     sklearn.utils._heap
import time:   1758399 |    1758399 |                                     sklearn.utils._sorting
import time:   8100932 |   34910338 |                                   sklearn.metrics._pairwise_distances_reduction._argkmin
import time:   1731822 |    1731822 |                                   sklearn.metrics._pairwise_distances_reduction._argkmin_classmode
import time:   2234216 |    2234216 |                                     sklearn.utils._vector_sentinel
import time:   1793978 |    4028194 |                                   sklearn.metrics._pairwise_distances_reduction._radius_neighbors
import time:   1986040 |    1986040 |                                   sklearn.metrics._pairwise_distances_reduction._radius_neighbors_classmode
import time:     30029 |   47019675 |                                 sklearn.metrics._pairwise_distances_reduction._dispatcher
import time:     14394 |   47034069 |                               sklearn.metrics._pairwise_distances_reduction
import time:   2431198 |    2431198 |                               sklearn.metrics._pairwise_fast
import time:     53002 |   49518268 |                             sklearn.metrics.pairwise
import time:      8574 |   60762808 |                           sklearn.metrics.cluster._unsupervised
import time:     16743 |   67649974 |                         sklearn.metrics.cluster
import time:    267284 |     267284 |                         sklearn.metrics._classification
import time:    108879 |     108879 |                           sklearn.metrics._plot
import time:      7499 |       7499 |                           sklearn.utils._optional_dependencies
import time:      1111 |       1111 |                             sklearn.utils._response
import time:      6652 |       7762 |                           sklearn.utils._plotting
import time:     29783 |     153921 |                         sklearn.metrics._plot.confusion_matrix
import time:      1012 |       1012 |                             sklearn.metrics._base
import time:      5012 |       6023 |                           sklearn.metrics._ranking
import time:      2810 |       8833 |                         sklearn.metrics._plot.det_curve
import time:      2452 |       2452 |                         sklearn.metrics._plot.precision_recall_curve
import time:      2294 |       2294 |                         sklearn.metrics._plot.regression
import time:      2285 |       2285 |                         sklearn.metrics._plot.roc_curve
import time:    164189 |     164189 |                         sklearn.metrics._regression
import time:    389863 |     389863 |                         sklearn.metrics._scorer
import time:     13695 |   68654785 |                       sklearn.metrics
import time:     64101 |   68718885 |                     sklearn.cluster._affinity_propagation
import time:   7001747 |    7001747 |                       sklearn.utils._fast_dict
import time:      2140 |       2140 |                       sklearn.utils.graph
import time:   7112629 |    7112629 |                       sklearn.cluster._hierarchical_fast
import time:      1428 |       1428 |                       sklearn.cluster._feature_agglomeration
import time:     31149 |   14149092 |                     sklearn.cluster._agglomerative
import time:   6648717 |    6648717 |                         sklearn.cluster._k_means_common
import time:   3299108 |    3299108 |                         sklearn.cluster._k_means_elkan
import time:   6966672 |    6966672 |                         sklearn.cluster._k_means_lloyd
import time:   9745689 |    9745689 |                         sklearn.cluster._k_means_minibatch
import time:     48789 |   26708972 |                       sklearn.cluster._kmeans
import time:     33370 |   26742342 |                     sklearn.cluster._bicluster
import time:     23025 |      23025 |                     sklearn.cluster._birch
import time:      3329 |       3329 |                     sklearn.cluster._bisect_k_means
import time:   3336704 |    3336704 |                           sklearn.neighbors._partition_nodes
import time:   4195208 |    7531911 |                         sklearn.neighbors._ball_tree
import time:   2786995 |    2786995 |                           sklearn.neighbors._kd_tree
import time:      4211 |    2791206 |                         sklearn.neighbors._base
import time:   2376103 |    2376103 |                           sklearn.utils.arrayfuncs
import time:      4260 |    2380362 |                         sklearn.neighbors._classification
import time:      1375 |       1375 |                           sklearn.neighbors._unsupervised
import time:     15159 |      16533 |                         sklearn.neighbors._graph
import time:     21426 |      21426 |                         sklearn.neighbors._kde
import time:     31546 |      31546 |                         sklearn.neighbors._lof
import time:   3868984 |    3868984 |                                     sklearn.utils._random
import time:   3917334 |    7786318 |                                   sklearn.utils._seq_dataset
import time:     48386 |    7834704 |                                 sklearn.linear_model._base
import time:     63379 |      63379 |                                 sklearn.linear_model._bayes
import time:    115379 |     115379 |                                       sklearn.model_selection._split
import time:     36041 |     151419 |                                     sklearn.model_selection._classification_threshold
import time:     21036 |      21036 |                                       sklearn.model_selection._validation
import time:     16690 |      37725 |                                     sklearn.model_selection._plot
import time:       940 |        940 |                                       sklearn.utils.random
import time:    239110 |     240050 |                                     sklearn.model_selection._search
import time:      2497 |     431690 |                                   sklearn.model_selection
import time:   5149163 |    5149163 |                                   sklearn.linear_model._cd_fast
import time:     23662 |    5604514 |                                 sklearn.linear_model._coordinate_descent
import time:   3676852 |    3676852 |                                           sklearn._loss._loss
import time:     26406 |      26406 |                                           sklearn._loss.link
import time:     11328 |    3714585 |                                         sklearn._loss.loss
import time:      2034 |    3716618 |                                       sklearn._loss
import time:       167 |    3716784 |                                     sklearn._loss.loss
import time:     26976 |      26976 |                                     sklearn.utils.optimize
import time:      1143 |       1143 |                                     sklearn.linear_model._linear_loss
import time:   6554450 |    6554450 |                                     sklearn.linear_model._glm._newton_solver
import time:     17451 |   10316802 |                                   sklearn.linear_model._glm.glm
import time:    129403 |   10446204 |                                 sklearn.linear_model._glm
import time:      2202 |       2202 |                                 sklearn.linear_model._huber
import time:     11095 |      11095 |                                 sklearn.linear_model._least_angle
import time:      1218 |       1218 |                                       sklearn.svm._bounds
import time:   1448505 |    1448505 |                                           sklearn.svm._liblinear
import time:   2240045 |    2240045 |                                           sklearn.svm._libsvm
import time:   2021278 |    2021278 |                                           sklearn.svm._libsvm_sparse
import time:      3876 |    5713701 |                                         sklearn.svm._base
import time:      6801 |    5720502 |                                       sklearn.svm._classes
import time:     14997 |    5736716 |                                     sklearn.svm
import time:       207 |    5736922 |                                   sklearn.svm._base
import time:   1904558 |    1904558 |                                     sklearn.linear_model._sag_fast
import time:       996 |    1905553 |                                   sklearn.linear_model._sag
import time:     16946 |    7659421 |                                 sklearn.linear_model._logistic
import time:     29966 |      29966 |                                 sklearn.linear_model._omp
import time:   1529213 |    1529213 |                                       sklearn.utils._weight_vector
import time:   2966108 |    4495321 |                                     sklearn.linear_model._sgd_fast
import time:      9939 |    4505259 |                                   sklearn.linear_model._stochastic_gradient
import time:      7427 |    4512686 |                                 sklearn.linear_model._passive_aggressive
import time:     20425 |      20425 |                                 sklearn.linear_model._perceptron
import time:      1494 |       1494 |                                 sklearn.linear_model._quantile
import time:     34262 |      34262 |                                 sklearn.linear_model._ransac
import time:      8128 |       8128 |                                 sklearn.linear_model._ridge
import time:     23808 |      23808 |                                 sklearn.linear_model._theil_sen
import time:     19151 |   36271432 |                               sklearn.linear_model
import time:     14243 |   36285675 |                             sklearn.decomposition._dict_learning
import time:      1730 |       1730 |                             sklearn.decomposition._factor_analysis
import time:     26258 |      26258 |                             sklearn.decomposition._fastica
import time:      1364 |       1364 |                               sklearn.decomposition._base
import time:      7621 |       8985 |                             sklearn.decomposition._incremental_pca
import time:       597 |        597 |                               sklearn.utils._arpack
import time:     41884 |      42481 |                             sklearn.decomposition._kernel_pca
import time:   2016260 |    2016260 |                               sklearn.decomposition._online_lda_fast
import time:      2220 |    2018480 |                             sklearn.decomposition._lda
import time:   1827908 |    1827908 |                               sklearn.decomposition._cdnmf_fast
import time:      4625 |    1832533 |                             sklearn.decomposition._nmf
import time:     20825 |      20825 |                             sklearn.decomposition._pca
import time:      3347 |       3347 |                             sklearn.decomposition._sparse_pca
import time:      4331 |       4331 |                             sklearn.decomposition._truncated_svd
import time:     20341 |   40264981 |                           sklearn.decomposition
import time:      5728 |   40270708 |                         sklearn.neighbors._nca
import time:      7525 |       7525 |                                   sklearn.covariance._empirical_covariance
import time:      3838 |      11362 |                                 sklearn.covariance._robust_covariance
import time:     17916 |      29278 |                               sklearn.covariance._elliptic_envelope
import time:      3077 |       3077 |                               sklearn.covariance._graph_lasso
import time:     21589 |      21589 |                               sklearn.covariance._shrunk_covariance
import time:       963 |      54905 |                             sklearn.covariance
import time:      3101 |      58005 |                           sklearn.discriminant_analysis
import time:      1987 |      59992 |                         sklearn.neighbors._nearest_centroid
import time:      2533 |       2533 |                         sklearn.neighbors._regression
import time:      2851 |   53109064 |                       sklearn.neighbors
import time:   2261722 |    2261722 |                       sklearn.cluster._dbscan_inner
import time:    103123 |   55473908 |                     sklearn.cluster._dbscan
import time:       683 |        683 |                       sklearn.cluster._hdbscan
import time:   1701625 |    1701625 |                         sklearn.cluster._hdbscan._tree
import time:   1701768 |    3403392 |                       sklearn.cluster._hdbscan._linkage
import time:   1708130 |    1708130 |                       sklearn.cluster._hdbscan._reachability
import time:      2848 |    5115051 |                     sklearn.cluster._hdbscan.hdbscan
import time:      6410 |       6410 |                     sklearn.cluster._mean_shift
import time:     10166 |      10166 |                     sklearn.cluster._optics
import time:     18214 |      18214 |                           sklearn.manifold._isomap
import time:      2019 |       2019 |                           sklearn.manifold._locally_linear
import time:   5017621 |    5017621 |                               sklearn._isotonic
import time:     39529 |    5057149 |                             sklearn.isotonic
import time:     19986 |    5077135 |                           sklearn.manifold._mds
import time:      5158 |       5158 |                           sklearn.manifold._spectral_embedding
import time:   7250126 |    7250126 |                                             sklearn.tree._utils
import time:   8072606 |   15322732 |                                           sklearn.tree._tree
import time:   6492495 |    6492495 |                                           sklearn.tree._partitioner
import time:   5663243 |   27478470 |                                         sklearn.tree._splitter
import time:  10193897 |   37672366 |                                       sklearn.tree._criterion
import time:     81554 |   37753920 |                                     sklearn.tree._classes
import time:     58087 |      58087 |                                       sklearn.tree._reingold_tilford
import time:     60251 |     118337 |                                     sklearn.tree._export
import time:      2874 |   37875131 |                                   sklearn.tree
import time:       339 |   37875469 |                                 sklearn.tree._criterion
import time:   9292349 |   47167818 |                               sklearn.neighbors._quad_tree
import time:   5251207 |   52419024 |                             sklearn.manifold._barnes_hut_tsne
import time:   8128712 |    8128712 |                             sklearn.manifold._utils
import time:     25633 |   60573369 |                           sklearn.manifold._t_sne
import time:      3277 |   65679169 |                         sklearn.manifold
import time:       195 |   65679363 |                       sklearn.manifold._spectral_embedding
import time:     18047 |   65697410 |                     sklearn.cluster._spectral
import time:     69471 |  455630802 |                   sklearn.cluster
import time:     27328 |  456231147 |                 fastapi_modulo.modulos.mi_tablero.ml.recommender_model
import time:       934 |        934 |                   fastapi_modulo.modulos.mi_tablero.repositorios
import time:      1308 |       2241 |                 fastapi_modulo.modulos.mi_tablero.repositorios.dashboard_repository
import time:      1264 |       1264 |                 fastapi_modulo.modulos.mi_tablero.servicios.analytics_service
import time:   1116455 |    1116455 |                     fastapi_modulo.modulos.mi_tablero.modelos.db_models
import time:      1805 |    1118260 |                   fastapi_modulo.modulos.mi_tablero.repositorios.preference_repository
import time:      1085 |    1119345 |                 fastapi_modulo.modulos.mi_tablero.servicios.preference_service
import time:       442 |        442 |                   fastapi_modulo.modulos.mi_tablero.tareas
import time:     29089 |      29089 |                     celery.local
import time:    168313 |     197402 |                   celery
import time:    129660 |     129660 |                               kombu
import time:      4080 |       4080 |                               kombu.utils.collections
import time:      4115 |       4115 |                                         amqp.exceptions
import time:     18353 |      18353 |                                         amqp.spec
import time:      1544 |       1544 |                                             vine.abstract
import time:       619 |        619 |                                                 vine.utils
import time:      1040 |       1658 |                                               vine.promises
import time:       728 |       2386 |                                             vine.funtools
import time:      1079 |       1079 |                                             vine.synchronization
import time:      1655 |       6662 |                                           vine
import time:      1123 |       7784 |                                         amqp.utils
import time:      1685 |      31935 |                                       amqp.serialization
import time:     19131 |      51066 |                                     amqp.basic_message
import time:    268499 |     268499 |                                       amqp.abstract_channel
import time:      1372 |       1372 |                                       amqp.protocol
import time:     39620 |     309490 |                                     amqp.channel
import time:       823 |        823 |                                         gssapi
import time:      1214 |       2037 |                                       amqp.sasl
import time:     10936 |      10936 |                                       amqp.method_framing
import time:      7609 |       7609 |                                         amqp.platform
import time:     21289 |      28897 |                                       amqp.transport
import time:      3308 |      45176 |                                     amqp.connection
import time:      2293 |     408023 |                                   amqp
import time:      3619 |     411641 |                                 kombu.exceptions
import time:     15284 |      15284 |                                       billiard.process
import time:      5541 |       5541 |                                       billiard.exceptions
import time:     14377 |      35201 |                                     billiard.context
import time:      5033 |      40234 |                                   billiard
import time:       635 |        635 |                                       cffi.lock
import time:       856 |        856 |                                       cffi.error
import time:     13270 |      13270 |                                       cffi.model
import time:   1361847 |    1376606 |                                     cffi.api
import time:      7287 |    1383893 |                                   cffi
import time:      4115 |       4115 |                                     resource
import time:      1581 |       5696 |                                   billiard.compat
import time:    278274 |    1708096 |                                 billiard.util
import time:     20190 |    2139926 |                               kombu.utils.compat
import time:      1649 |       1649 |                                 kombu.utils.encoding
import time:     47094 |      48743 |                               kombu.utils.div
import time:     11980 |      11980 |                               kombu.utils.functional
import time:       748 |        748 |                               kombu.utils.imports
import time:      3628 |       3628 |                               kombu.utils.objects
import time:    484162 |     484162 |                               kombu.utils.uuid
import time:    311594 |    3134515 |                             kombu.utils
import time:       133 |    3134647 |                           kombu.utils.objects
import time:    284486 |     284486 |                                 logging.handlers
import time:     39581 |     324067 |                               kombu.log
import time:      7683 |       7683 |                               celery.utils.term
import time:    168858 |     500607 |                             celery.utils.log
import time:      4354 |     504961 |                           celery.utils.functional
import time:      4626 |       4626 |                           celery.utils.imports
import time:      1038 |       1038 |                                   kombu.resource
import time:      2817 |       2817 |                                   kombu.transport
import time:     19234 |      19234 |                                   kombu.utils.url
import time:    968019 |     991107 |                                 kombu.connection
import time:      1164 |     992270 |                               kombu.abstract
import time:       446 |        446 |                                       django
import time:       103 |        548 |                                     django.utils
import time:        95 |        643 |                                   django.utils.functional
import time:      1172 |       1814 |                                 kombu.utils.json
import time:      1087 |       1087 |                                   yaml.error
import time:      1654 |       1654 |                                   yaml.tokens
import time:    446834 |     446834 |                                   yaml.events
import time:       887 |        887 |                                   yaml.nodes
import time:    487680 |     487680 |                                     yaml.reader
import time:      1379 |       1379 |                                     yaml.scanner
import time:       965 |        965 |                                     yaml.parser
import time:       718 |        718 |                                     yaml.composer
import time:    299828 |     299828 |                                     yaml.constructor
import time:    251601 |     251601 |                                     yaml.resolver
import time:    107847 |    1150015 |                                   yaml.loader
import time:    786039 |     786039 |                                     yaml.emitter
import time:       862 |        862 |                                     yaml.serializer
import time:      1163 |       1163 |                                     yaml.representer
import time:      7202 |     795264 |                                   yaml.dumper
import time:  15214472 |   15214472 |                                     yaml._yaml
import time:      2444 |   15216915 |                                   yaml.cyaml
import time:      1941 |   17614595 |                                 yaml
import time:       468 |        468 |                                 msgpack
import time:    343594 |   17960469 |                               kombu.serialization
import time:      2227 |   18954965 |                             kombu.entity
import time:     77905 |      77905 |                             celery.utils.text
import time:      1239 |   19034107 |                           celery.utils.nodenames
import time:    153551 |   22831891 |                         celery.utils
import time:      1586 |   22833477 |                       celery.utils.threads
import time:      1506 |   22834982 |                     celery._state
import time:     31185 |      31185 |                           kombu.common
import time:       544 |        544 |                             brotli
import time:       544 |        544 |                             zstandard
import time:    298552 |     299639 |                           kombu.compression
import time:      1456 |     332279 |                         kombu.messaging
import time:      1371 |     333649 |                       kombu.pools
import time:       904 |        904 |                       kombu.clocks
import time:      1330 |       1330 |                       kombu.transport.native_delayed_delivery
import time:       542 |        542 |                             cPickle
import time:      1270 |       1812 |                           celery.utils.serialization
import time:    472444 |     474255 |                         celery.exceptions
import time:      3219 |     477473 |                       celery.platforms
import time:       884 |        884 |                                     tzlocal.windows_tz
import time:       767 |       1651 |                                   tzlocal.utils
import time:      4997 |       6648 |                                 tzlocal.unix
import time:      7349 |      13996 |                               tzlocal
import time:     12378 |      26373 |                             celery.utils.time
import time:    353977 |     380350 |                           celery.utils.dispatch.signal
import time:       760 |     381109 |                         celery.utils.dispatch
import time:      2538 |     383646 |                       celery.signals
import time:      1093 |       1093 |                       celery.loaders
import time:      1794 |       1794 |                       celery.utils.abstract
import time:       591 |        591 |                         __pypy__
import time:       430 |        430 |                             django
import time:        91 |        521 |                           django.utils
import time:        78 |        598 |                         django.utils.functional
import time:      7203 |       8390 |                       celery.utils.collections
import time:     22306 |      22306 |                       celery.utils.objects
import time:      1664 |       1664 |                       celery.utils.annotations
import time:       529 |        529 |                       celery.utils.quorum_queues
import time:      3119 |       3119 |                       celery.app.backends
import time:       934 |        934 |                       celery.app.builtins
import time:       634 |        634 |                       celery.app.annotations
import time:       514 |        514 |                       celery.app.autoretry
import time:     27110 |      27110 |                       celery.app.defaults
import time:       850 |        850 |                       celery.app.registry
import time:      6668 |       6668 |                       celery.app.utils
import time:     20433 |    1293033 |                     celery.app.base
import time:      1055 |   24129068 |                   celery.app
import time:     11948 |      11948 |                                 redis.typing
import time:     15237 |      27185 |                               redis.maint_notifications
import time:      2843 |       2843 |                               async_timeout
import time:      2362 |       2362 |                               redis.exceptions
import time:    403333 |     403333 |                               redis._parsers.encoders
import time:       696 |        696 |                                   hiredis
import time:      3211 |       3907 |                                 redis.utils
import time:      1316 |       5222 |                               redis._parsers.socket
import time:     22903 |     463844 |                             redis._parsers.base
import time:     20767 |      20767 |                             redis._parsers.commands
import time:      2310 |       2310 |                             redis._parsers.hiredis
import time:      1454 |       1454 |                             redis._parsers.resp2
import time:      4881 |       4881 |                             redis._parsers.resp3
import time:      3166 |     496420 |                           redis._parsers
import time:      3344 |     499764 |                         redis._parsers.helpers
import time:      1886 |       1886 |                             redis.auth
import time:      1981 |       1981 |                             redis.auth.err
import time:      4063 |       7929 |                           redis.auth.token
import time:      5607 |       5607 |                             redis.credentials
import time:    496343 |     501950 |                           redis.event
import time:      7665 |       7665 |                             redis.retry
import time:     33575 |      41240 |                           redis.asyncio.retry
import time:      1529 |       1529 |                           redis.backoff
import time:     38713 |      38713 |                             redis.cache
import time:   1032632 |    1071344 |                           redis.connection
import time:    252450 |    1876439 |                         redis.asyncio.connection
import time:      2815 |       2815 |                         redis.asyncio.lock
import time:       784 |        784 |                               redis.crc
import time:      3355 |       3355 |                                 redis.commands.helpers
import time:   1544158 |    1547513 |                               redis.commands.core
import time:      2890 |       2890 |                               redis.commands.redismodules
import time:    396245 |    1947430 |                             redis.commands.cluster
import time:      1433 |       1433 |                             redis.commands.sentinel
import time:      1771 |    1950633 |                           redis.commands
import time:      2027 |       2027 |                           redis.lock
import time:     21798 |    1974457 |                         redis.client
import time:    325995 |    4679469 |                       redis.asyncio.client
import time:      2534 |       2534 |                           redis.commands.policies
import time:    697646 |     700180 |                         redis.cluster
import time:    399577 |    1099756 |                       redis.asyncio.cluster
import time:      2096 |       2096 |                       redis.asyncio.sentinel
import time:       776 |        776 |                       redis.asyncio.utils
import time:      3536 |    5785632 |                     redis.asyncio
import time:      4725 |       4725 |                     redis.sentinel
import time:      1956 |    5792312 |                   redis
import time:      2078 |       2078 |                         celery.utils.graph
import time:     13382 |      15459 |                       celery.bootsteps
import time:      7144 |       7144 |                       celery.concurrency
import time:      2262 |       2262 |                         shelve
import time:      1393 |       3654 |                       celery.worker.state
import time:      3225 |      29481 |                     celery.worker.worker
import time:       937 |      30418 |                   celery.worker
import time:    296742 |   30446382 |                 fastapi_modulo.modulos.mi_tablero.tareas.dashboard_tasks
import time:      1233 |       1233 |                     PIL.ImageColor
import time:      2528 |       2528 |                         PIL._typing
import time:  82899709 |   82899709 |                         PIL._imagingft
import time:   1117037 |   84019274 |                       PIL.ImageFont
import time:      1703 |   84020976 |                     PIL.ImageText
import time:      5526 |   84027733 |                   PIL.ImageDraw
import time:      3834 |   84031567 |                 fastapi_modulo.modulos.mi_tablero.servicios.widget_service
import time:     35756 |  571867698 |               fastapi_modulo.modulos.mi_tablero.servicios.dashboard_service
import time:      2812 |  571870509 |             fastapi_modulo.modulos.mi_tablero.servicios
import time:     20322 |  571890830 |           fastapi_modulo.modulos.mi_tablero.servicios.integration_service
import time:   2378292 |  584353253 |         fastapi_modulo.modulos.mi_tablero.controladores.dashboard_api
import time:      2970 |       2970 |         fastapi_modulo.modulos.mi_tablero.controladores.dashboard_pages
import time:    951573 |  585307795 |       fastapi_modulo.modulos.mi_tablero.controladores.mi_tablero
import time:      6399 |  585314193 |     fastapi_modulo.modulos.mi_tablero.controladores
import time:       172 |  585314365 |   fastapi_modulo.modulos.mi_tablero.controladores.mi_tablero
import time:       893 |        893 |     fastapi_modulo.modulos.notificaciones.controladores
import time:    843621 |     843621 |     fastapi_modulo.modulos.notificaciones.controladores.conversaciones
import time:    442080 |    1286593 |   fastapi_modulo.modulos.notificaciones.controladores.notificaciones
import time:      1334 |       1334 |     fastapi_modulo.modulos.empleados.controladores
import time:    722641 |     723975 |   fastapi_modulo.modulos.empleados.controladores.empleados
import time:       603 |        603 |     fastapi_modulo.modulos.empleados.modelos
import time:      5972 |       6575 |   fastapi_modulo.modulos.empleados.modelos.puestos_laborales_store
import time:      9283 |       9283 |   fastapi_modulo.modulos.empleados.modelos.departamentos_service
import time:       734 |        734 |     fastapi_modulo.modulos.planificacion.controladores
import time:    152263 |     152997 |   fastapi_modulo.modulos.planificacion.controladores.annual_cycle_service
import time:       478 |        478 |   fastapi_modulo.modulos.planificacion.modelos
import time:     23245 |      23245 |   fastapi_modulo.modulos.planificacion.modelos.plan_estrategico_service
import time:      5794 |       5794 |   fastapi_modulo.modulos.planificacion.modelos.poa_service
import time:    193688 |     193688 |   fastapi_modulo.modulos.planificacion.modelos.kpis_service
import time:       355 |        355 |   fastapi_modulo.modulos.notificaciones.modelos
import time:    109285 |     109285 |   fastapi_modulo.modulos.notificaciones.modelos.global_notifications_service
import time:       944 |        944 |     fastapi_modulo.modulos.proyectando.controladores
import time:       393 |        393 |     fastapi_modulo.modulos.proyectando.modelos
import time:       553 |        553 |         fastapi_modulo.login_identity_constants
import time:       760 |       1313 |       fastapi_modulo.login_utils
import time:    454729 |     456041 |     fastapi_modulo.modulos.proyectando.modelos.presupuesto_service
import time:    359004 |     816380 |   fastapi_modulo.modulos.proyectando.controladores.presupuesto
import time:      1501 |       1501 |     fastapi_modulo.modulos.proyectando.modelos.proyectando_store_common
import time:     39517 |      39517 |     fastapi_modulo.modulos.proyectando.modelos.datos_preliminares_store
import time:      3435 |       3435 |     fastapi_modulo.modulos.proyectando.modelos.crecimiento_general_store
import time:      1706 |      46159 |   fastapi_modulo.modulos.proyectando.modelos.data_store
import time:    195986 |     195986 |   fastapi_modulo.modulos.mesa_control.controladores.mesa_control
import time:     13872 |      13872 |                       fastapi_modulo.modulos.cartera_prestamos.modelos.enums
import time:   2064722 |    2078594 |                     fastapi_modulo.modulos.cartera_prestamos.modelos.db_models
import time:      1242 |    2079835 |                   fastapi_modulo.modulos.cartera_prestamos.modelos
import time:       113 |    2079947 |                 fastapi_modulo.modulos.cartera_prestamos.modelos.enums
import time:   1939921 |    1939921 |                 fastapi_modulo.modulos.cartera_prestamos.modelos.schemas
import time:     15287 |      15287 |                   fastapi_modulo.modulos.cartera_prestamos.repositorios.cartera_repository
import time:      2086 |       2086 |                   fastapi_modulo.modulos.cartera_prestamos.repositorios.cobranza_repository
import time:      1172 |      18544 |                 fastapi_modulo.modulos.cartera_prestamos.repositorios
import time:      1428 |    4039839 |               fastapi_modulo.modulos.cartera_prestamos.servicios.cartera_service
import time:     27896 |      27896 |               fastapi_modulo.modulos.cartera_prestamos.servicios.indicadores_service
import time:      1627 |       1627 |               fastapi_modulo.modulos.cartera_prestamos.servicios.gestion_service
import time:    268710 |     268710 |                 fastapi_modulo.modulos.cartera_prestamos.servicios.recuperacion_service
import time:      1190 |     269899 |               fastapi_modulo.modulos.cartera_prestamos.servicios.mesa_control_service
import time:      1703 |    4340962 |             fastapi_modulo.modulos.cartera_prestamos.servicios
import time:      1732 |    4342693 |           fastapi_modulo.modulos.cartera_prestamos.servicios.export_service
import time:      2273 |       2273 |             fastapi_modulo.modulos.cartera_prestamos.controladores.prestamos_menu
import time:     20999 |      23271 |           fastapi_modulo.modulos.cartera_prestamos.controladores.dependencies
import time:    422247 |    4788211 |         fastapi_modulo.modulos.cartera_prestamos.controladores.api
import time:    162718 |     162718 |         fastapi_modulo.modulos.cartera_prestamos.controladores.assets
import time:    146239 |     146239 |         fastapi_modulo.modulos.cartera_prestamos.controladores.pages
import time:    403183 |     403183 |         fastapi_modulo.modulos.cartera_prestamos.controladores.placeholders
import time:    304277 |    5804626 |       fastapi_modulo.modulos.cartera_prestamos.controladores.cartera_prestamos
import time:      1408 |    5806033 |     fastapi_modulo.modulos.cartera_prestamos.controladores
import time:       107 |    5806140 |   fastapi_modulo.modulos.cartera_prestamos.controladores.cartera_prestamos
import time:      1655 |       1655 |     fastapi_modulo.modulos.pld.controladores
import time:    201422 |     203077 |   fastapi_modulo.modulos.pld.controladores.pld
import time:     15696 |      15696 |     fastapi_modulo.modulos.mkt.controladores
import time:      9344 |      25039 |   fastapi_modulo.modulos.mkt.controladores.mkt
import time:      3436 |       3436 |     fastapi_modulo.modulos.intelicoop.controladores
import time:       374 |        374 |       fastapi_modulo.modulos.intelicoop.modelos
import time:   1226625 |    1226998 |     fastapi_modulo.modulos.intelicoop.modelos.intelicoop_models
import time:     16295 |      16295 |     fastapi_modulo.modulos.intelicoop.modelos.intelicoop_scoring
import time:   1659695 |    1659695 |       fastapi_modulo.modulos.intelicoop.modelos.intelicoop_db_models
import time:     35494 |    1695189 |     fastapi_modulo.modulos.intelicoop.modelos.intelicoop_store
import time:   1329091 |    4271007 |   fastapi_modulo.modulos.intelicoop.controladores.intelicoop
import time:  18361323 |   18361323 |               fastapi_modulo.modulos.brujula.modelos.brujula_fixed_indicators
import time:     14459 |      14459 |               fastapi_modulo.modulos.brujula.modelos.enums
import time:    706591 |     706591 |               fastapi_modulo.modulos.brujula.modelos.schemas
import time:      1738 |   19084110 |             fastapi_modulo.modulos.brujula.modelos
import time:       144 |   19084254 |           fastapi_modulo.modulos.brujula.modelos.schemas
import time:    270817 |     270817 |             fastapi_modulo.modulos.brujula.servicios
import time:       700 |        700 |             fastapi_modulo.modulos.brujula.controladores.dependencies
import time:       675 |        675 |               fastapi_modulo.modulos.brujula.repositorios
import time:       630 |        630 |               fastapi_modulo.modulos.brujula.repositorios.tenant_repository
import time:      1172 |       2476 |             fastapi_modulo.modulos.brujula.repositorios.indicator_repository
import time:       634 |        634 |             fastapi_modulo.modulos.brujula.repositorios.override_repository
import time:      1286 |       1286 |                 fastapi_modulo.modulos.brujula.modelos.brujula_projection_store
import time:       785 |        785 |                 fastapi_modulo.modulos.brujula.servicios.projection_adapter
import time:      1136 |       3207 |               fastapi_modulo.modulos.brujula.servicios.projection_service
import time:      1425 |       4632 |             fastapi_modulo.modulos.brujula.servicios.analysis_service
import time:      1898 |     281155 |           fastapi_modulo.modulos.brujula.servicios.indicator_service
import time:    480481 |   19845889 |         fastapi_modulo.modulos.brujula.controladores.api
import time:     13058 |      13058 |         fastapi_modulo.modulos.brujula.controladores.pages
import time:    589064 |   20448009 |       fastapi_modulo.modulos.brujula.controladores.brujula
import time:     52972 |   20500980 |     fastapi_modulo.modulos.brujula.controladores
import time:       147 |   20501127 |   fastapi_modulo.modulos.brujula.controladores.brujula
import time:    135179 |     135179 |                   fastapi_modulo.modulos.crm.modelos.enums
import time:   1067975 |    1203153 |                 fastapi_modulo.modulos.crm.modelos.db_models
import time:   2029696 |    2029696 |                 fastapi_modulo.modulos.crm.modelos.schemas
import time:     15259 |    3248107 |               fastapi_modulo.modulos.crm.modelos
import time:      2910 |    3251016 |             fastapi_modulo.modulos.crm.modelos.db_models
import time:      1212 |    3252227 |           fastapi_modulo.modulos.crm.repositorios.common
import time:       884 |    3253111 |         fastapi_modulo.modulos.crm.repositorios
import time:       121 |    3253232 |       fastapi_modulo.modulos.crm.repositorios.common
import time:      2102 |    3255334 |     fastapi_modulo.modulos.crm.bootstrap
import time:      4843 |       4843 |                       fastapi_modulo.modulos.crm.mappers.actividad_mapper
import time:       657 |        657 |                       fastapi_modulo.modulos.crm.mappers.campania_mapper
import time:       633 |        633 |                       fastapi_modulo.modulos.crm.mappers.contacto_campania_mapper
import time:       590 |        590 |                       fastapi_modulo.modulos.crm.mappers.contacto_mapper
import time:       558 |        558 |                       fastapi_modulo.modulos.crm.mappers.evento_mapper
import time:       640 |        640 |                       fastapi_modulo.modulos.crm.mappers.nota_mapper
import time:       603 |        603 |                       fastapi_modulo.modulos.crm.mappers.oportunidad_mapper
import time:      1170 |       9689 |                     fastapi_modulo.modulos.crm.mappers
import time:       121 |       9810 |                   fastapi_modulo.modulos.crm.mappers.evento_mapper
import time:      2893 |      12702 |                 fastapi_modulo.modulos.crm.repositorios.evento_repository
import time:      1690 |      14391 |               fastapi_modulo.modulos.crm.servicios.evento_service
import time:       681 |        681 |               fastapi_modulo.modulos.crm.repositorios.contacto_repository
import time:      4224 |      19295 |             fastapi_modulo.modulos.crm.servicios.contacto_service
import time:      1960 |      21254 |           fastapi_modulo.modulos.crm.servicios.dashboard_service
import time:       835 |      22089 |         fastapi_modulo.modulos.crm.servicios
import time:       786 |        786 |         fastapi_modulo.modulos.crm.repositorios.actividad_repository
import time:      1074 |      23948 |       fastapi_modulo.modulos.crm.servicios.actividad_service
import time:    505941 |     529888 |     fastapi_modulo.modulos.crm.controladores.api_actividades
import time:    224464 |     224464 |         fastapi_modulo.modulos.crm.repositorios.campania_repository
import time:       759 |     225223 |       fastapi_modulo.modulos.crm.servicios.campania_service
import time:    475868 |     701091 |     fastapi_modulo.modulos.crm.controladores.api_campanias
import time:    343980 |     343980 |     fastapi_modulo.modulos.crm.controladores.api_contactos
import time:    221169 |     221169 |     fastapi_modulo.modulos.crm.controladores.api_eventos
import time:       810 |        810 |         fastapi_modulo.modulos.crm.repositorios.nota_repository
import time:     44913 |      45722 |       fastapi_modulo.modulos.crm.servicios.nota_service
import time:     17893 |      63615 |     fastapi_modulo.modulos.crm.controladores.api_notas
import time:    126294 |     126294 |         fastapi_modulo.modulos.crm.repositorios.oportunidad_repository
import time:    162798 |     289091 |       fastapi_modulo.modulos.crm.servicios.oportunidad_service
import time:    382800 |     671891 |     fastapi_modulo.modulos.crm.controladores.api_oportunidades
import time:      9544 |       9544 |     fastapi_modulo.modulos.crm.controladores.dependencies
import time:      4929 |       4929 |       fastapi_modulo.modulos.crm.crm_menu
import time:      1769 |       1769 |       fastapi_modulo.modulos.crm.controladores.utils
import time:    332153 |     338851 |     fastapi_modulo.modulos.crm.controladores.pages
import time:   2417699 |    8553055 |   fastapi_modulo.modulos.crm.controladores.crm
import time:       790 |        790 |     fastapi_modulo.modulos.encuestas.modelos
import time:      2235 |       3025 |   fastapi_modulo.modulos.encuestas.modelos.encuestas_question_catalog
import time:       971 |        971 |       reportlab.lib.enums
import time:      2328 |       2328 |       reportlab.lib.fonts
import time:      1691 |       4988 |     reportlab.lib.styles
import time:      1266 |       1266 |         reportlab.lib.sequencer
import time:     13099 |      14365 |       reportlab.platypus.flowables
import time:      1154 |       1154 |       reportlab.platypus.frames
import time:       929 |        929 |       reportlab.platypus.multicol
import time:      5695 |       5695 |             _markupbase
import time:     13104 |      18798 |           html.parser
import time:     20091 |      38889 |         reportlab.platypus.paraparser
import time:      2572 |       2572 |         reportlab.lib.geomutils
import time:    371420 |     371420 |         reportlab.lib.textsplit
import time:       590 |        590 |         pyphen
import time:   3989067 |    4402537 |       reportlab.platypus.paragraph
import time:      2861 |       2861 |           reportlab.lib.normalDate
import time:      5199 |       8059 |         reportlab.lib.validators
import time:    272337 |     272337 |         reportlab.platypus.doctemplate
import time:     18542 |     298937 |       reportlab.platypus.tables
import time:      6749 |       6749 |         reportlab.lib.PyFontify
import time:      3529 |      10278 |       reportlab.platypus.xpreformatted
import time:      1455 |    4729651 |     reportlab.platypus
import time:      2475 |       2475 |             openpyxl.compat.numbers
import time:       880 |        880 |             openpyxl.compat.strings
import time:       833 |       4188 |           openpyxl.compat
import time:       102 |       4289 |         openpyxl.compat.numbers
import time:      2563 |       2563 |             lxml
import time:       134 |       2696 |           lxml.etree
import time:       452 |        452 |           defusedxml
import time:       752 |       3899 |         openpyxl.xml
import time:       538 |        538 |               openpyxl.worksheet
import time:       849 |        849 |                   openpyxl.utils.exceptions
import time:    335703 |     336552 |                 openpyxl.utils.cell
import time:      3622 |       3622 |                     openpyxl.formula.tokenizer
import time:      1318 |       4939 |                   openpyxl.formula
import time:     16517 |      21455 |                 openpyxl.utils.formulas
import time:       836 |     358842 |               openpyxl.utils
import time:      6919 |       6919 |                           openpyxl.utils.datetime
import time:       686 |        686 |                           openpyxl.descriptors.namespace
import time:      2316 |       9920 |                         openpyxl.descriptors.base
import time:      1661 |       1661 |                                 xml
import time:      1206 |       2866 |                               xml.etree
import time:     16337 |      16337 |                               xml.etree.ElementPath
import time:      3893 |       3893 |                                 pyexpat
import time:      8352 |      12245 |                               _elementtree
import time:     11602 |      43048 |                             xml.etree.ElementTree
import time:      1034 |       1034 |                                 et_xmlfile.incremental_tree
import time:      1798 |       2831 |                               et_xmlfile.xmlfile
import time:      1355 |       4186 |                             et_xmlfile
import time:    354833 |     354833 |                             openpyxl.xml.constants
import time:      2428 |     404494 |                           openpyxl.xml.functions
import time:       784 |        784 |                           openpyxl.utils.indexed_list
import time:      1503 |     406780 |                         openpyxl.descriptors.sequence
import time:      1625 |     418324 |                       openpyxl.descriptors
import time:      6529 |       6529 |                       openpyxl.descriptors.serialisable
import time:      9003 |     433854 |                     openpyxl.styles.alignment
import time:     15299 |      15299 |                       openpyxl.styles.colors
import time:      5786 |      21084 |                     openpyxl.styles.borders
import time:      1182 |       1182 |                     openpyxl.styles.fills
import time:      1612 |       1612 |                       openpyxl.descriptors.nested
import time:      1803 |       3414 |                     openpyxl.styles.fonts
import time:      3531 |       3531 |                     openpyxl.styles.numbers
import time:       804 |        804 |                     openpyxl.styles.protection
import time:      1342 |       1342 |                       openpyxl.descriptors.excel
import time:      1727 |       1727 |                       openpyxl.styles.cell_style
import time:    153316 |     156384 |                     openpyxl.styles.named_styles
import time:      1455 |     621704 |                   openpyxl.styles
import time:       733 |        733 |                     openpyxl.styles.proxy
import time:    380101 |     380101 |                     openpyxl.styles.builtins
import time:      3178 |     384011 |                   openpyxl.styles.styleable
import time:      1035 |       1035 |                   openpyxl.worksheet.hyperlink
import time:       676 |        676 |                   openpyxl.worksheet.formula
import time:      1952 |       1952 |                     openpyxl.cell.text
import time:      1005 |       2956 |                   openpyxl.cell.rich_text
import time:      4847 |    1015226 |                 openpyxl.cell.cell
import time:       988 |        988 |                 openpyxl.cell.read_only
import time:       913 |    1017126 |               openpyxl.cell
import time:      1252 |       1252 |                     openpyxl.styles.differential
import time:    528799 |     530050 |                   openpyxl.formatting.rule
import time:       835 |     530885 |                 openpyxl.formatting
import time:      1211 |       1211 |                 openpyxl.worksheet.cell_range
import time:      1156 |     533250 |               openpyxl.formatting.formatting
import time:       599 |        599 |                 openpyxl.packaging
import time:     15145 |      15145 |                 openpyxl.descriptors.container
import time:      1392 |      17135 |               openpyxl.packaging.relationship
import time:       714 |        714 |                   openpyxl.utils.escape
import time:      3793 |       4507 |                 openpyxl.worksheet.header_footer
import time:      9637 |      14143 |               openpyxl.workbook.child
import time:      2238 |       2238 |               openpyxl.workbook.defined_name
import time:      3826 |       3826 |               openpyxl.formula.translate
import time:      1584 |       1584 |               openpyxl.worksheet.datavalidation
import time:      2097 |       2097 |               openpyxl.worksheet.page
import time:      1856 |       1856 |                 openpyxl.utils.units
import time:       751 |        751 |                 openpyxl.utils.bound_dictionary
import time:      2224 |       4829 |               openpyxl.worksheet.dimensions
import time:       666 |        666 |                 openpyxl.utils.protection
import time:    232051 |     232716 |               openpyxl.worksheet.protection
import time:      5709 |       5709 |               openpyxl.worksheet.filters
import time:      3978 |       3978 |               openpyxl.worksheet.views
import time:     70871 |      70871 |               openpyxl.worksheet.merge
import time:      9497 |       9497 |               openpyxl.worksheet.properties
import time:      1713 |       1713 |               openpyxl.worksheet.pagebreak
import time:      2002 |       2002 |               openpyxl.worksheet.scenario
import time:       753 |        753 |                 openpyxl.worksheet.related
import time:      2878 |       3631 |               openpyxl.worksheet.table
import time:    130455 |     130455 |               openpyxl.worksheet.print_settings
import time:      3472 |    2419644 |             openpyxl.worksheet.worksheet
import time:     31631 |      31631 |               openpyxl.worksheet._reader
import time:       921 |      32551 |             openpyxl.worksheet._read_only
import time:    197203 |     197203 |                     openpyxl.comments.comments
import time:       679 |     197882 |                   openpyxl.comments
import time:       775 |        775 |                   openpyxl.comments.author
import time:      2753 |       2753 |                   openpyxl.comments.shape_writer
import time:     24376 |     225785 |                 openpyxl.comments.comment_sheet
import time:      1361 |       1361 |                 openpyxl.cell._writer
import time:      1205 |     228349 |               openpyxl.worksheet._writer
import time:      1007 |     229356 |             openpyxl.worksheet._write_only
import time:      2154 |       2154 |             openpyxl.worksheet.copier
import time:       641 |        641 |               openpyxl.writer
import time:      1061 |       1061 |                   openpyxl.drawing.drawing
import time:       634 |       1695 |                 openpyxl.drawing
import time:       736 |        736 |                 openpyxl.drawing.image
import time:      1526 |       1526 |                             openpyxl.chart.layout
import time:       757 |        757 |                             openpyxl.chart.picture
import time:      5900 |       5900 |                               openpyxl.drawing.colors
import time:     12519 |      12519 |                                 openpyxl.drawing.effect
import time:    252286 |     264804 |                               openpyxl.drawing.fill
import time:      3983 |       3983 |                               openpyxl.drawing.line
import time:     23967 |      23967 |                               openpyxl.drawing.geometry
import time:      1694 |     300347 |                             openpyxl.chart.shapes
import time:    416596 |     416596 |                               openpyxl.drawing.text
import time:     90945 |      90945 |                               openpyxl.chart.data_source
import time:     12451 |     519992 |                             openpyxl.chart.text
import time:      7047 |       7047 |                             openpyxl.chart.error_bar
import time:     13426 |     843092 |                           openpyxl.chart.marker
import time:      1385 |     844477 |                         openpyxl.chart._3d
import time:      1098 |       1098 |                         openpyxl.chart.legend
import time:      2418 |       2418 |                         openpyxl.chart.reference
import time:      1569 |       1569 |                             openpyxl.chart.label
import time:    186983 |     186983 |                             openpyxl.chart.trendline
import time:      2485 |     191036 |                           openpyxl.chart.series
import time:       826 |     191861 |                         openpyxl.chart.series_factory
import time:      5147 |       5147 |                         openpyxl.chart.title
import time:      2812 |    1047811 |                       openpyxl.chart._chart
import time:       976 |        976 |                       openpyxl.chart.descriptors
import time:      3512 |       3512 |                       openpyxl.chart.axis
import time:      5841 |    1058138 |                     openpyxl.chart.area_chart
import time:      3706 |       3706 |                     openpyxl.chart.bar_chart
import time:    140213 |     140213 |                     openpyxl.chart.bubble_chart
import time:       726 |        726 |                       openpyxl.chart.updown_bars
import time:      1716 |       2441 |                     openpyxl.chart.line_chart
import time:      1864 |       1864 |                     openpyxl.chart.pie_chart
import time:     39205 |      39205 |                     openpyxl.chart.radar_chart
import time:       978 |        978 |                     openpyxl.chart.scatter_chart
import time:      1129 |       1129 |                     openpyxl.chart.stock_chart
import time:     14193 |      14193 |                     openpyxl.chart.surface_chart
import time:      1386 |    1263250 |                   openpyxl.chart
import time:       115 |    1263364 |                 openpyxl.chart._chart
import time:       895 |        895 |                 openpyxl.drawing.xdr
import time:      3218 |       3218 |                   openpyxl.drawing.properties
import time:      1580 |       4798 |                 openpyxl.drawing.connector
import time:      1625 |       1625 |                   openpyxl.drawing.picture
import time:       729 |        729 |                   openpyxl.drawing.relation
import time:      1908 |       4260 |                 openpyxl.drawing.graphic
import time:    562595 |    1838340 |               openpyxl.drawing.spreadsheet_drawing
import time:    194143 |     194143 |               openpyxl.packaging.manifest
import time:      1096 |       1096 |                 openpyxl.styles.table
import time:      1283 |       2378 |               openpyxl.styles.stylesheet
import time:      1774 |       1774 |                 openpyxl.workbook.external_reference
import time:       814 |        814 |                   openpyxl.workbook.function_group
import time:    186303 |     186303 |                   openpyxl.workbook.properties
import time:      1314 |       1314 |                   openpyxl.workbook.protection
import time:      5185 |       5185 |                   openpyxl.workbook.smart_tags
import time:      2719 |       2719 |                   openpyxl.workbook.views
import time:      1256 |       1256 |                   openpyxl.workbook.web
import time:      2271 |     199859 |                 openpyxl.packaging.workbook
import time:      1081 |     202713 |               openpyxl.workbook._writer
import time:       664 |        664 |               openpyxl.writer.theme
import time:      1808 |    2240684 |             openpyxl.writer.excel
import time:      9715 |       9715 |                 openpyxl.worksheet.drawing
import time:      1137 |       1137 |                 openpyxl.chartsheet.relation
import time:       731 |        731 |                 openpyxl.chartsheet.properties
import time:       801 |        801 |                 openpyxl.chartsheet.protection
import time:       998 |        998 |                 openpyxl.chartsheet.views
import time:      2595 |       2595 |                 openpyxl.chartsheet.custom
import time:      1091 |       1091 |                 openpyxl.chartsheet.publish
import time:    176349 |     193413 |               openpyxl.chartsheet.chartsheet
import time:       787 |     194200 |             openpyxl.chartsheet
import time:      1269 |       1269 |             openpyxl.packaging.core
import time:      1791 |       1791 |             openpyxl.packaging.custom
import time:      2260 |    5123904 |           openpyxl.workbook.workbook
import time:       654 |    5124557 |         openpyxl.workbook
import time:       710 |        710 |           openpyxl.reader
import time:       639 |        639 |             openpyxl.pivot
import time:    195500 |     195500 |             openpyxl.pivot.fields
import time:      8410 |     204549 |           openpyxl.pivot.table
import time:       285 |        285 |           openpyxl.tests
import time:     48765 |      48765 |           openpyxl.reader.strings
import time:     26059 |      26059 |                 openpyxl.workbook.external_link.external
import time:       890 |      26949 |               openpyxl.workbook.external_link
import time:       142 |      27090 |             openpyxl.workbook.external_link.external
import time:      8026 |       8026 |             openpyxl.pivot.cache
import time:      1032 |       1032 |             openpyxl.pivot.record
import time:      7930 |      44077 |           openpyxl.reader.workbook
import time:      1407 |       1407 |               openpyxl.chart.plotarea
import time:      1212 |       1212 |               openpyxl.chart.pivot
import time:      6805 |       6805 |               openpyxl.chart.print_settings
import time:     15808 |      25231 |             openpyxl.chart.chartspace
import time:       821 |        821 |             openpyxl.chart.reader
import time:    179316 |     205368 |           openpyxl.reader.drawings
import time:      2034 |     505784 |         openpyxl.reader.excel
import time:       688 |        688 |         openpyxl._constants
import time:      1041 |    5640257 |       openpyxl
import time:        86 |    5640343 |     openpyxl.utils
import time:   3674497 |    3674497 |     fastapi_modulo.modulos.encuestas.modelos.encuestas_models
import time:     41545 |   14091022 |   fastapi_modulo.modulos.encuestas.modelos.encuestas_store
import time:       763 |        763 |     fastapi_modulo.modulos.auditoria.modelos
import time:     11469 |      11469 |     fastapi_modulo.modulos.auditoria.modelos.enums
import time:   1251925 |    1264157 |   fastapi_modulo.modulos.auditoria.modelos.aud_models
import time:    441666 |     441666 |     fastapi_modulo.modulos.auditoria.modelos.aud_db_models
import time:      6595 |     448260 |   fastapi_modulo.modulos.auditoria.modelos.aud_store
import time:     16621 |      16621 |             fastapi_modulo.modulos.activo_fijo.enums
import time:   1732459 |    1749080 |           fastapi_modulo.modulos.activo_fijo.schemas
import time:   1008816 |    1008816 |               fastapi_modulo.modulos.activo_fijo.models
import time:      1602 |    1010417 |             fastapi_modulo.modulos.activo_fijo.repository
import time:       750 |        750 |             fastapi_modulo.modulos.activo_fijo.serializers
import time:      2566 |    1013732 |           fastapi_modulo.modulos.activo_fijo.service
import time:   1082366 |    3845177 |         fastapi_modulo.modulos.activo_fijo.controladores.api
import time:    304773 |     304773 |         fastapi_modulo.modulos.activo_fijo.controladores.pages
import time:       824 |    4150773 |       fastapi_modulo.modulos.activo_fijo.controladores
import time:       113 |    4150886 |     fastapi_modulo.modulos.activo_fijo.controladores.api
import time:       792 |        792 |     fastapi_modulo.modulos.activo_fijo.controladores.dependencies
import time:   1801598 |    5953274 |   fastapi_modulo.modulos.activo_fijo.router
import time:     12420 |      12420 |   fastapi_modulo.modulos.control_interno.control_interno_menu
import time:    274765 |     274765 |               fastapi_modulo.modulos.control_interno.modelos.control
import time:    239527 |     239527 |                 fastapi_modulo.modulos.control_interno.modelos.evidencia
import time:    277979 |     277979 |                 fastapi_modulo.modulos.control_interno.modelos.hallazgo
import time:    448304 |     448304 |                 fastapi_modulo.modulos.control_interno.modelos.programa
import time:       922 |     966731 |               fastapi_modulo.modulos.control_interno.modelos.db_models
import time:      1271 |    1242766 |             fastapi_modulo.modulos.control_interno.modelos
import time:     53388 |      53388 |             fastapi_modulo.modulos.control_interno.modelos.enums
import time:   4453313 |    5749466 |           fastapi_modulo.modulos.control_interno.modelos.schemas
import time:       676 |        676 |                     fastapi_modulo.modulos.control_interno.repositorios.base
import time:      1005 |       1680 |                   fastapi_modulo.modulos.control_interno.repositorios.controles_repository
import time:      8106 |       8106 |                   fastapi_modulo.modulos.control_interno.repositorios.evidencia_repository
import time:       848 |        848 |                   fastapi_modulo.modulos.control_interno.repositorios.hallazgo_repository
import time:       849 |        849 |                   fastapi_modulo.modulos.control_interno.repositorios.programa_repository
import time:       548 |        548 |                   fastapi_modulo.modulos.control_interno.repositorios.reporte_repository
import time:      1268 |      13297 |                 fastapi_modulo.modulos.control_interno.repositorios
import time:    525815 |     539112 |               fastapi_modulo.modulos.control_interno.repositorios.base
import time:       745 |        745 |               fastapi_modulo.modulos.control_interno.servicios._common
import time:      2129 |     541985 |             fastapi_modulo.modulos.control_interno.servicios.controles_service
import time:      1017 |       1017 |             fastapi_modulo.modulos.control_interno.servicios.evidencia_service
import time:      1041 |       1041 |             fastapi_modulo.modulos.control_interno.servicios.hallazgo_service
import time:       800 |        800 |             fastapi_modulo.modulos.control_interno.servicios.programa_service
import time:    304706 |     304706 |             fastapi_modulo.modulos.control_interno.servicios.reporte_service
import time:      1967 |       1967 |             fastapi_modulo.modulos.control_interno.servicios.tablero_service
import time:      9470 |     860982 |           fastapi_modulo.modulos.control_interno.servicios
import time:    455961 |    7066407 |         fastapi_modulo.modulos.control_interno.controladores.api_controles
import time:       909 |        909 |         fastapi_modulo.modulos.control_interno.controladores.dependencies
import time:      1467 |       1467 |           fastapi_modulo.modulos.control_interno.controladores.utils
import time:     12322 |      13788 |         fastapi_modulo.modulos.control_interno.controladores.pages
import time:   1120294 |    8201398 |       fastapi_modulo.modulos.control_interno.controladores.control
import time:    976167 |     976167 |         fastapi_modulo.modulos.control_interno.controladores.api_evidencias
import time:   2392797 |    3368963 |       fastapi_modulo.modulos.control_interno.controladores.evidencia
import time:   1459286 |    1459286 |         fastapi_modulo.modulos.control_interno.controladores.api_hallazgos
import time:   1548800 |    3008085 |       fastapi_modulo.modulos.control_interno.controladores.hallazgos
import time:    711411 |     711411 |         fastapi_modulo.modulos.control_interno.controladores.api_programa
import time:    899324 |    1610735 |       fastapi_modulo.modulos.control_interno.controladores.programa
import time:   2096408 |    2096408 |         fastapi_modulo.modulos.control_interno.controladores.api_reportes
import time:   1665297 |    3761704 |       fastapi_modulo.modulos.control_interno.controladores.reportes_ci
import time:    709881 |     709881 |         fastapi_modulo.modulos.control_interno.controladores.api_tablero
import time:    978416 |    1688297 |       fastapi_modulo.modulos.control_interno.controladores.tablero
import time:     99403 |   21738582 |     fastapi_modulo.modulos.control_interno.controladores
import time:       142 |   21738724 |   fastapi_modulo.modulos.control_interno.controladores.control
import time:       901 |        901 |     fastapi_modulo.modulos.kpis.controladores
import time:      3913 |       4814 |   fastapi_modulo.modulos.kpis.controladores.kpis
import time:      7781 |       7781 |           fastapi_modulo.modulos.plantillas.controladores
import time:       449 |        449 |             fastapi_modulo.modulos.plantillas.modelos
import time:     78503 |      78952 |           fastapi_modulo.modulos.plantillas.modelos.plantillas_db_models
import time:    579761 |     579761 |             fastapi_modulo.modulos.plantillas.modelos.plantillas_schemas
import time:      1863 |     581624 |           fastapi_modulo.modulos.plantillas.modelos.plantillas_renderer
import time:       620 |        620 |             fastapi_modulo.modulos.plantillas.modelos.system_report_template
import time:      1961 |       2580 |           fastapi_modulo.modulos.plantillas.modelos.plantillas_store
import time:      2727 |       2727 |               email.generator
import time:     23566 |      26293 |             smtplib
import time:     30925 |      57217 |           fastapi_modulo.modulos.plantillas.modelos.plantillas_submission_service
import time:   1206558 |    1934709 |         fastapi_modulo.modulos.plantillas.controladores.plantillas_forms
import time:      4853 |    1939561 |       fastapi_modulo.modulos.plantillas
import time:       436 |    1939997 |     fastapi_modulo.modulos.plantillas.modelos
import time:      1779 |    1941776 |   fastapi_modulo.modulos.plantillas.modelos.plantillas_store
import time:      1309 |       1309 |           fastapi_modulo.modulos.capacitacion.controladores.dependencies
import time:       570 |        570 |             fastapi_modulo.modulos.capacitacion.servicios
import time:       623 |        623 |             fastapi_modulo.modulos.capacitacion.repositorios
import time:    104440 |     104440 |                     fastapi_modulo.modulos.capacitacion.modelos.enums
import time:   1996815 |    2101254 |                   fastapi_modulo.modulos.capacitacion.modelos.cap_schemas
import time:      1150 |    2102403 |                 fastapi_modulo.modulos.capacitacion.modelos
import time:   6534487 |    6534487 |                 fastapi_modulo.modulos.capacitacion.modelos.cap_db_models
import time:      1391 |    8638280 |               fastapi_modulo.modulos.capacitacion.modelos.db_models
import time:     23812 |    8662091 |             fastapi_modulo.modulos.capacitacion.repositorios.audit_repository
import time:     61110 |    8724393 |           fastapi_modulo.modulos.capacitacion.servicios.audit_service
import time:     22948 |    8748649 |         fastapi_modulo.modulos.capacitacion.controladores.api_auditoria
import time:      2309 |       2309 |             fastapi_modulo.modulos.capacitacion.repositorios.evaluaciones_repository
import time:     14198 |      16507 |           fastapi_modulo.modulos.capacitacion.servicios.certificados_service
import time:     26087 |      42593 |         fastapi_modulo.modulos.capacitacion.controladores.api_certificados
import time:       735 |        735 |               fastapi_modulo.modulos.capacitacion.repositorios.cursos_repository
import time:      1949 |       2683 |             fastapi_modulo.modulos.capacitacion.servicios.cursos_service
import time:       689 |       3372 |           fastapi_modulo.modulos.capacitacion.modelos.cap_service
import time:      2698 |       2698 |               fastapi_modulo.modulos.capacitacion.controladores.capacitacion_menu
import time:      2983 |       5680 |             fastapi_modulo.modulos.capacitacion.controladores.utils
import time:       647 |        647 |             fastapi_modulo.modulos.capacitacion.repositorios.archivos_repository
import time:      8188 |      14515 |           fastapi_modulo.modulos.capacitacion.servicios.archivos_service
import time:   3217151 |    3235037 |         fastapi_modulo.modulos.capacitacion.controladores.api_cursos
import time:       903 |        903 |             fastapi_modulo.modulos.capacitacion.servicios.evaluaciones_service
import time:       863 |       1766 |           fastapi_modulo.modulos.capacitacion.modelos.cap_evaluacion_service
import time:      1805 |       1805 |               fastapi_modulo.modulos.capacitacion.repositorios.presentaciones_repository
import time:    362306 |     364110 |             fastapi_modulo.modulos.capacitacion.servicios.presentaciones_service
import time:      1184 |     365294 |           fastapi_modulo.modulos.capacitacion.modelos.cap_presentacion_service
import time:   1445632 |    1812690 |         fastapi_modulo.modulos.capacitacion.controladores.api_evaluaciones
import time:       730 |        730 |             fastapi_modulo.modulos.capacitacion.repositorios.gamificacion_repository
import time:      1501 |       2231 |           fastapi_modulo.modulos.capacitacion.servicios.gamificacion_service
import time:    624438 |     626668 |         fastapi_modulo.modulos.capacitacion.controladores.api_gamificacion
import time:       781 |        781 |               fastapi_modulo.modulos.capacitacion.repositorios.inscripciones_repository
import time:      1253 |       2034 |             fastapi_modulo.modulos.capacitacion.servicios.progreso_service
import time:      1133 |       3166 |           fastapi_modulo.modulos.capacitacion.modelos.cap_inscripcion_service
import time:   1716510 |    1719676 |         fastapi_modulo.modulos.capacitacion.controladores.api_inscripciones
import time:   1523279 |    1523279 |         fastapi_modulo.modulos.capacitacion.controladores.api_presentaciones
import time:    700919 |     700919 |         fastapi_modulo.modulos.capacitacion.controladores.pages
import time:  11005098 |   29414606 |       fastapi_modulo.modulos.capacitacion.controladores.capacitacion
import time:    147644 |   29562250 |     fastapi_modulo.modulos.capacitacion.controladores
import time:       118 |   29562368 |   fastapi_modulo.modulos.capacitacion.controladores.capacitacion
import time:      7720 |       7720 |     fastapi_modulo.modulos.multiempresa.controladores
import time:      3583 |       3583 |       fastapi_modulo.modulos.multiempresa.modelos
import time:     30536 |      34119 |     fastapi_modulo.modulos.multiempresa.modelos.me_models
import time:    284019 |     284019 |       fastapi_modulo.modulos.multiempresa.modelos.me_db_models
import time:      5739 |     289758 |     fastapi_modulo.modulos.multiempresa.modelos.me_store
import time:    648149 |     979744 |   fastapi_modulo.modulos.multiempresa.controladores.multiempresa
import time:      6708 |       6708 |               fastapi_modulo.modulos.aplicaciones.servicios.protocol_service
import time:      4925 |      11633 |             fastapi_modulo.modulos.aplicaciones.servicios.catalog_service
import time:      1495 |      13128 |           fastapi_modulo.modulos.aplicaciones.servicios
import time:       146 |      13273 |         fastapi_modulo.modulos.aplicaciones.servicios.catalog_service
import time:   2097004 |    2110277 |       fastapi_modulo.modulos.aplicaciones.controladores.aplicaciones
import time:      5653 |    2115930 |     fastapi_modulo.modulos.aplicaciones.controladores
import time:       103 |    2116032 |   fastapi_modulo.modulos.aplicaciones.controladores.aplicaciones
import time:      3330 |       3330 |       fastapi_modulo.modulos.personalizacion.modelos
import time:  58592684 |   58596014 |     fastapi_modulo.modulos.personalizacion.modelos.theme_system
import time:   1155221 |   59751235 |   fastapi_modulo.modulos.personalizacion.controladores.personalizar
import time:       632 |        632 |     fastapi_modulo.modulos.diagnostico.controladores
import time:     14451 |      15082 |   fastapi_modulo.modulos.diagnostico.controladores.diagnostico
import time:      1430 |       1430 |         fastsipet_modulo
import time:       702 |       2131 |       fastsipet_modulo.modulos
import time:      1365 |       3496 |     fastsipet_modulo.modulos.ia
import time:       360 |        360 |         fastsipet_modulo.modulos.ia.providers
import time:      2456 |       2815 |       fastsipet_modulo.modulos.ia.providers.base
import time:       957 |        957 |       fastsipet_modulo.modulos.ia.providers.deepseek_provider
import time:      2182 |       2182 |       fastsipet_modulo.modulos.ia.providers.ollama_provider
import time:       759 |        759 |       fastsipet_modulo.modulos.ia.providers.openai_provider
import time:      1757 |       8468 |     fastsipet_modulo.modulos.ia.ia_service
import time:   2243017 |    2254980 |   fastsipet_modulo.modulos.ia.ia
import time:       666 |        666 |     fastapi_modulo.modulos.frontend.controladores
import time:       814 |        814 |       fastapi_modulo.modulos.frontend.modelos
import time:    329386 |     329386 |       fastapi_modulo.modulos.frontend.modelos.frontend_db_models
import time:    148847 |     479046 |     fastapi_modulo.modulos.frontend.modelos.frontend_store
import time:    639465 |    1119176 |   fastapi_modulo.modulos.frontend.controladores.frontend
import time: 105761180 |  897352627 | fastapi_modulo.main
